form	lemma	POS	morph
༄༅། །		PUNCT
རྒྱ་གར་	རྒྱ་གར་	PROPN
སྐད་	སྐད་	NOUN
དུ་	ལ་	PART
།		PUNCT
སེཀྐོདྡེ་		NON_WORD
ཤ་	ཤ་	NOUN
།		PUNCT
བོད་སྐད་	བོད་སྐད་	PROPN
དུ་	ལ་	PART
།		PUNCT
དབང་	དབང་	NOUN
མདོ་	མདོ་	NOUN
ར་	ལ་	PART
བསྟན་པ་	བསྟན་པ་	VERB
།		PUNCT
དཔལ་	དཔལ་	OTHER
རྡོ་རྗེ་	རྡོ་རྗེ་	NOUN
སེམས་དཔའ་	སེམས་དཔའ་	NOUN
ལ་	ལ་	PART
ཕྱག་	ཕྱག་	NOUN
འཚལ་	འཚལ་	VERB
ལོ་	གོ་	PART
། །		PUNCT
ཟླ་བ་	ཟླ་བ་	NOUN
བཟང་པོ་	བཟང་པོ་	ADJ
ས་	གིས་	PART
གསོལ་པ་	གསོལ་པ་	VERB
།		PUNCT
སྟོན་པ་	སྟོན་པ་	NOUN
དབང་	དབང་	NOUN
བསྐུར་	བསྐུར་	NO_POS
རྣམ་	རྣམ་	NOUN
བདུན་	བདུན་	NUM
དང་	དང་	NO_POS
། །		PUNCT
རྣམ་	རྣམ་	NOUN
གསུམ་	གསུམ་	NUM
དེ་བཞིན་	དེ་བཞིན་	OTHER
བླ་	བླ་	NOUN
ན་	ལ་	PART
མེད་	མེད་	VERB
། །		PUNCT
འཇིག་རྟེན་	འཇིག་རྟེན་	NOUN
འདས་པ་	འདས་པ་	VERB
འི་	གི་	PART
དངོས་གྲུབ་	དངོས་གྲུབ་	NOUN
ཕྱི་	ཕྱི་	OTHER
། །		PUNCT
མདོར་བསྡུས་པ་	མདོར་བསྡུས་པ་	OTHER
ཡི་	གིས་	PART
བདག་	བདག་	PRON
ལ་	ལ་	PART
གསུངས་	གསུངས་	VERB
། །		PUNCT
བཅོམ་ལྡན་འདས་	བཅོམ་ལྡན་འདས་	NOUN
ཀྱིས་	གིས་	PART
བཀའ་	བཀའ་	NOUN
སྩལ་པ་	སྩལ་པ་	VERB
། །		PUNCT
ཉོན་	ཉོན་	VERB
ཅིག་	ཅིག་	PART
ཟླ་	ཟླ་	NOUN
བཟང་	བཟང་	VERB
དབང་	དབང་	NOUN
བསྐུར་	བསྐུར་	NO_POS
དོན་	དོན་	NOUN
། །		PUNCT
རྣམ་པ་	རྣམ་པ་	NOUN
བདུན་	བདུན་	NUM
དང་	དང་	NO_POS
རྣམ་	རྣམ་	NOUN
གསུམ་	གསུམ་	NUM
མཆོག་	མཆོག་	ADJ
།		PUNCT
རྩ་	རྩ་	NUM
ཡི་	གི་	PART
ཀུན་སྤྱོད་	ཀུན་སྤྱོད་	NOUN
རྩོལ་བ་	རྩོལ་བ་	VERB
ནི་	ནི་	NO_POS
། །		PUNCT
མདོ་	མདོ་	NOUN
ར་	ལ་	PART
བསྟན་པ་	བསྟན་པ་	VERB
ཡི་	གིས་	PART
ཁྱོད་	ཁྱོད་	PRON
ལ་	ལ་	PART
བཤད་	བཤད་	VERB
། །		PUNCT
རྒྱུད་	རྒྱུད་	NOUN
དུ་	ལ་	PART
མདོ་	མདོ་	NOUN
ར་	ལ་	PART
བསྟན་	བསྟན་	VERB
རྣམ་	རྣམ་	NOUN
གསུམ་	གསུམ་	NUM
དང་	དང་	NO_POS
། །		PUNCT
རྒྱས་པ་	རྒྱས་པ་	VERB
ར་	ལ་	PART
བཤད་པ་	བཤད་པ་	VERB
རྣམ་	རྣམ་	NOUN
གསུམ་	གསུམ་	NUM
འགྱུར་	འགྱུར་	VERB
། །		PUNCT
རབ་ཏུ་	རབ་ཏུ་	NO_POS
མདོ་	མདོ་	NOUN
ར་	ལ་	PART
བསྟན་	བསྟན་	VERB
མདོ་	མདོ་	NOUN
ར་	ལ་	PART
བསྟན་	བསྟན་	VERB
ཆེ་	ཆེ་	VERB
། །		PUNCT
རབ་ཏུ་	རབ་ཏུ་	NO_POS
རྒྱས་པ་	རྒྱས་པ་	VERB
ར་	ལ་	PART
བཤད་པ་	བཤད་པ་	VERB
གཞན་	གཞན་	DET
། །		PUNCT
མདོ་	མདོ་	NOUN
ར་	ལ་	PART
བསྟན་	བསྟན་	VERB
རྒྱས་པ་	རྒྱས་པ་	VERB
ར་	ལ་	PART
བཤད་པ་	བཤད་པ་	VERB
ཉིད་	ཉིད་	DET
། །		PUNCT
རྒྱུད་	རྒྱུད་	NOUN
ཡང་དག་པ་	ཡང་དག་པ་	ADJ
ར་	ལ་	PART
བསྡུས་པ་	བསྡུས་པ་	VERB
ར་	ལ་	PART
བརྗོད་	བརྗོད་	VERB
། །		PUNCT
རབ་ཏུ་	རབ་ཏུ་	NO_POS
མདོ་	མདོ་	NOUN
ར་	ལ་	PART
བསྟན་	བསྟན་	VERB
རྒྱས་བཤད་པ་	རྒྱས་བཤད་པ་	NOUN
། །		PUNCT
དཀའ་འགྲེལ་	དཀའ་འགྲེལ་	NOUN
ཚིག་	ཚིག་	NOUN
ནི་	ནི་	NO_POS
འབྱེད་པ་	འབྱེད་པ་	VERB
འོ་	གོ་	PART
། །		PUNCT
མདོ་	མདོ་	NOUN
ར་	ལ་	PART
བསྟན་	བསྟན་	VERB
ཆེན་པོ་	ཆེན་པོ་	ADJ
རྒྱས་བཤད་པ་	རྒྱས་བཤད་པ་	NOUN
། །		PUNCT
འགྲེལ་བཤད་	འགྲེལ་བཤད་	NOUN
ཐམས་ཅད་	ཐམས་ཅད་	DET
དོན་	དོན་	NOUN
སྟོན་	སྟོན་	VERB
བྱེད་	བྱེད་	VERB
། །		PUNCT
དེ་	སྟེ་	PART
ནི་	ནི་	NO_POS
མངོན་ཤེས་	མངོན་ཤེས་	NOUN
ཐོབ་	ཐོབ་	VERB
རྣམས་	རྣམས་	DET
ཀྱིས་	གིས་	PART
། །		PUNCT
བྱ་	བྱ་	VERB
ཡི་	གི་	PART
མཁའ་	མཁའ་	VERB
རྣམས་	རྣམས་	DET
ཀྱིས་	གིས་	PART
མིན་	མིན་	AUX
ཉིད་	ཉིད་	DET
། །		PUNCT
དེ་ལྟ་	དེ་ལྟ་	NO_POS
མཐའ་	མཐའ་	NOUN
དྲུག་	དྲུག་	NUM
རྣམས་	རྣམས་	DET
ཀྱིས་	གིས་	PART
དག་	དག་	DET
།		PUNCT
རྡོ་རྗེ་	རྡོ་རྗེ་	NOUN
འི་	གི་	PART
རྣལ་འབྱོར་	རྣལ་འབྱོར་	NOUN
རྣམ་	རྣམ་	NOUN
བཞི་	བཞི་	NUM
དང་	དང་	NO_POS
། །		PUNCT
རྫོགས་པ་	རྫོགས་པ་	VERB
འི་	གི་	PART
བྱང་ཆུབ་	བྱང་ཆུབ་	NOUN
བཞི་	བཞི་	NUM
རྣམས་	རྣམས་	DET
དང་	དང་	NO_POS
། །		PUNCT
ཕུང་	ཕུང་	VERB
ཁམས་	ཁམས་	NOUN
སྐྱེ་མཆེད་	སྐྱེ་མཆེད་	NOUN
རིགས་	རིགས་	NOUN
དྲུག་	དྲུག་	NUM
རྣམས་	རྣམས་	DET
། །		PUNCT
དག་པ་	དག་པ་	VERB
འཇིག་རྟེན་	འཇིག་རྟེན་	NOUN
ཁམས་	ཁམས་	NOUN
ལ་སོགས་	ལ་སོགས་	NO_POS
། །		PUNCT
ལེ་	ལེ་	NO_POS
འུ་	འུ་	NO_POS
ལྔ་	ལྔ་	NUM
ཡི་	གི་	PART
གཞུང་	གཞུང་	NOUN
རྣམས་	རྣམས་	DET
ཀྱིས་	གིས་	PART
། །		PUNCT
བདེན་	བདེན་	VERB
གཉིས་	གཉིས་	NUM
དང་པོ་	དང་པོ་	ADJ
འི་	གི་	PART
སངས་རྒྱས་	སངས་རྒྱས་	NOUN
འགྱུར་	འགྱུར་	VERB
། །		PUNCT
དུས་	དུས་	NOUN
ཀྱི་	གི་	PART
འཁོར་ལོ་	འཁོར་ལོ་	NOUN
མངོན་	མངོན་	VERB
རྗོད་	རྗོད་	VERB
བྱེད་	བྱེད་	VERB
། །		PUNCT
དང་པོ་	དང་པོ་	ADJ
ར་	ལ་	PART
དབང་	དབང་	NOUN
བསྐུར་	བསྐུར་	NO_POS
བདུན་པོ་	བདུན་པོ་	NUM
གང་	གང་	NO_POS
། །		PUNCT
བྱིས་པ་	བྱིས་པ་	NOUN
རྣམས་	རྣམས་	DET
ནི་	ནི་	NO_POS
གཞུག་པ་	གཞུག་པ་	VERB
འི་	གི་	PART
ཕྱི་	ཕྱི་	OTHER
། །		PUNCT
རྣམ་	རྣམ་	NOUN
གསུམ་	གསུམ་	NUM
འཇིག་རྟེན་	འཇིག་རྟེན་	NOUN
ཀུན་རྫོབ་	ཀུན་རྫོབ་	NOUN
ཀྱིས་	གིས་	PART
། །		PUNCT
དམ་པ་	དམ་པ་	VERB
འི་	གི་	PART
དོན་	དོན་	NOUN
གྱིས་	གིས་	PART
བཞི་པ་	བཞི་པ་	ADJ
འོ་	གོ་	PART
། །		PUNCT
བདེན་པ་	བདེན་པ་	VERB
གཉིས་	གཉིས་	NUM
ཀྱི་	གི་	PART
ཆོ་	ཆོ་	NOUN
རྣམས་	རྣམས་	DET
ཀྱི་	གི་	PART
། །		PUNCT
རྡོ་རྗེ་	རྡོ་རྗེ་	NOUN
ཅན་	ཅན་	PART
བདག་	བདག་	PRON
གིས་	གིས་	PART
བསྟན་པ་	བསྟན་པ་	VERB
། །		PUNCT
འཇིག་རྟེན་	འཇིག་རྟེན་	NOUN
ཀུན་རྫོབ་	ཀུན་རྫོབ་	NOUN
བདེན་པ་	བདེན་པ་	VERB
དང་	དང་	NO_POS
། །		PUNCT
དམ་པ་	དམ་པ་	VERB
འི་	གི་	PART
དོན་	དོན་	NOUN
གྱི་	གི་	PART
བདེན་པ་	བདེན་པ་	VERB
ས་	གིས་	PART
སོ་	གོ་	PART
། །		PUNCT
ཆུ་	ཆུ་	NOUN
དང་	དང་	NO_POS
ཅོན་		NON_WORD
པན་	པན་	NO_POS
དར་དཔྱངས་	དར་དཔྱངས་	NOUN
དང་	དང་	NO_POS
། །		PUNCT
རྡོ་རྗེ་	རྡོ་རྗེ་	NOUN
དྲིལ་བུ་	དྲིལ་བུ་	NOUN
བརྟུལ་ཞུགས་	བརྟུལ་ཞུགས་	NOUN
ཆེ་	ཆེ་	VERB
། །		PUNCT
མིང་	མིང་	NOUN
དང་	དང་	NO_POS
རྗེས་གནང་	རྗེས་གནང་	NOUN
ཡང་དག་	ཡང་དག་	ADJ
ལྡན་	ལྡན་	VERB
། །		PUNCT
དབང་	དབང་	NOUN
བསྐུར་	བསྐུར་	NO_POS
རྣམ་	རྣམ་	NOUN
བདུན་	བདུན་	NUM
མི་	མི་	PART
ཡི་	གི་	PART
བདག་	བདག་	PRON
།		PUNCT
ལུས་ངག་	ལུས་ངག་	NOUN
སེམས་	སེམས་	NOUN
ནི་	ནི་	NO_POS
ལེགས་	ལེགས་	VERB
དག་པ་	དག་པ་	VERB
། །		PUNCT
མངོན་པ་	མངོན་པ་	OTHER
དབང་	དབང་	NOUN
བསྐུར་	བསྐུར་	NO_POS
གཉིས་	གཉིས་	NUM
གཉིས་	གཉིས་	NUM
སོ་	གོ་	PART
"།

།"		PUNCT
རྗེས་གནང་	རྗེས་གནང་	NOUN
ཡེ་ཤེས་	ཡེ་ཤེས་	NOUN
ཡང་དག་	ཡང་དག་	ADJ
དག་	དག་	DET
།		PUNCT
གཞན་པ་	གཞན་པ་	DET
ཁམས་	ཁམས་	NOUN
སོགས་	སོགས་	DET
དག་པ་	དག་པ་	VERB
ལ་	ལ་	ADP
ས་	གིས་	PART
། །		PUNCT
ཆུ་	ཆུ་	NOUN
ནི་	ནི་	NO_POS
ཁམས་	ཁམས་	NOUN
ཀྱི་	གི་	PART
དག་པ་	དག་པ་	VERB
སྟེ་	སྟེ་	PART
། །		PUNCT
ཅོད་པན་	ཅོད་པན་	NOUN
ཕུང་པོ་	ཕུང་པོ་	NOUN
རྣམ་	རྣམ་	NOUN
སྦྱོང་བྱེད་	སྦྱོང་བྱེད་	OTHER
། །		PUNCT
དར་དཔྱངས་	དར་དཔྱངས་	NOUN
ཕ་རོལ་	ཕ་རོལ་	NOUN
ཕྱིན་པ་	ཕྱིན་པ་	VERB
དག་	དག་	DET
།		PUNCT
རྡོ་རྗེ་	རྡོ་རྗེ་	NOUN
དྲིལ་བུ་	དྲིལ་བུ་	NOUN
མི་	མི་	PART
འགྱུར་	འགྱུར་	VERB
ཆེ་	ཆེ་	VERB
། །		PUNCT
སངས་རྒྱས་	སངས་རྒྱས་	NOUN
སྐད་	སྐད་	NOUN
རྒྱུན་	རྒྱུན་	NOUN
མི་འཆད་པ་	མི་འཆད་པ་	NO_POS
། །		PUNCT
ཉི་ཟླ་	ཉི་ཟླ་	NOUN
གཅིག་	གཅིག་	NUM
ཏུ་	ལ་	PART
དག་པ་	དག་པ་	VERB
ར་	ལ་	PART
བྱེད་	བྱེད་	VERB
། །		PUNCT
ཡུལ་	ཡུལ་	NOUN
དང་	དང་	NO_POS
དབང་པོ་	དབང་པོ་	NOUN
ལེགས་	ལེགས་	VERB
དག་པ་	དག་པ་	VERB
། །		PUNCT
འཕོ་	འཕོ་	VERB
མེད་	མེད་	VERB
རྡོ་རྗེ་	རྡོ་རྗེ་	NOUN
འི་	གི་	PART
བརྟུལ་ཞུགས་	བརྟུལ་ཞུགས་	NOUN
འགྱུར་	འགྱུར་	VERB
། །		PUNCT
མིང་	མིང་	NOUN
ནི་	ནི་	NO_POS
བྱམས་	བྱམས་	VERB
སོགས་	སོགས་	DET
ཡང་དག་	ཡང་དག་	ADJ
དག་	དག་	DET
།		PUNCT
རྗེས་གནང་	རྗེས་གནང་	NOUN
སངས་རྒྱས་	སངས་རྒྱས་	NOUN
ཉིད་	ཉིད་	DET
དག་བྱེད་	དག་བྱེད་	OTHER
། །		PUNCT
དབང་	དབང་	NOUN
བསྐུར་	བསྐུར་	NO_POS
བདུན་པོ་	བདུན་པོ་	NUM
འདི་	འདི་	DET
རྣམས་	རྣམས་	DET
ནི་	ནི་	NO_POS
། །		PUNCT
དཀྱིལ་འཁོར་	དཀྱིལ་འཁོར་	NOUN
བཞེངས་	བཞེངས་	NO_POS
ན་	ནས་	PART
སྦྱིན་པ་	སྦྱིན་པ་	VERB
ར་	ལ་	PART
བྱ་	བྱ་	VERB
། །		PUNCT
བུམ་པ་	བུམ་པ་	NOUN
གསང་བ་	གསང་བ་	VERB
འི་	གི་	PART
དབང་	དབང་	NOUN
བསྐུར་	བསྐུར་	NO_POS
དང་	དང་	NO_POS
། །		PUNCT
ཤེས་རབ་	ཤེས་རབ་	NOUN
ཡེ་ཤེས་	ཡེ་ཤེས་	NOUN
མངོན་བརྗོད་པ་	མངོན་བརྗོད་པ་	NOUN
། །		PUNCT
སླར་ཡང་	སླར་ཡང་	OTHER
ཤེས་རབ་	ཤེས་རབ་	NOUN
ཆེན་པོ་	ཆེན་པོ་	ADJ
ཉིད་	ཉིད་	DET
། །		PUNCT
དེ་	སྟེ་	PART
ཡི་	གི་	PART
ཡེ་ཤེས་	ཡེ་ཤེས་	NOUN
མངོན་	མངོན་	VERB
རྗོད་	རྗོད་	VERB
བྱེད་	བྱེད་	VERB
། །		PUNCT
འགྱུར་	འགྱུར་	VERB
དང་	དང་	NO_POS
འགྱུར་	འགྱུར་	VERB
དང་	དང་	NO_POS
དེ་ནས་	དེ་ནས་	NO_POS
འཛག་	འཛག་	VERB
།		PUNCT
དེ་ནས་	དེ་ནས་	NO_POS
གཞན་	གཞན་	DET
ཡང་	ཀྱང་	PART
མི་	མི་	PART
འཛག་པ་	འཛག་པ་	VERB
འོ་	གོ་	PART
། །		PUNCT
ལུས་ངག་	ལུས་ངག་	NOUN
སེམས་	སེམས་	NOUN
ནི་	ནི་	NO_POS
ལེགས་	ལེགས་	VERB
དག་པ་	དག་པ་	VERB
ས་	གིས་	PART
། །		PUNCT
དབང་	དབང་	NOUN
བསྐུར་	བསྐུར་	NO_POS
གསུམ་པོ་	གསུམ་པོ་	NUM
རིམ་པ་	རིམ་པ་	NOUN
ཡི་	གིས་	PART
། །		PUNCT
བཞི་པ་	བཞི་པ་	ADJ
ཡེ་ཤེས་	ཡེ་ཤེས་	NOUN
ཡང་དག་	ཡང་དག་	ADJ
དག་	དག་	DET
།		PUNCT
ལུས་ངག་	ལུས་ངག་	NOUN
སེམས་	སེམས་	NOUN
ནི་	ནི་	NO_POS
དག་པ་	དག་པ་	VERB
བྱེད་	བྱེད་	VERB
། །		PUNCT
བྱིས་པ་	བྱིས་པ་	NOUN
དར་མ་	དར་མ་	PROPN
དེ་ནས་	དེ་ནས་	NO_POS
རྒན་	རྒན་	NOUN
། །		PUNCT
བཞི་པ་	བཞི་པ་	ADJ
སྐྱེ་དགུ་	སྐྱེ་དགུ་	NO_POS
འི་	གི་	PART
བདག་པོ་	བདག་པོ་	NOUN
འོ་	གོ་	PART
། །		PUNCT
ཤེས་རབ་	ཤེས་རབ་	NOUN
དུ་མ་	དུ་མ་	ADJ
ར་	ལ་	PART
ཡན་ལག་	ཡན་ལག་	NOUN
ནི་	ནི་	NO_POS
། །		PUNCT
རེག་པ་	རེག་པ་	VERB
ས་	གིས་	PART
བྱང་ཆུབ་	བྱང་ཆུབ་	NOUN
སེམས་	སེམས་	NOUN
འཕོ་	འཕོ་	VERB
འི་	གི་	PART
བདེ་	བདེ་	VERB
། །		PUNCT
འོ་མ་	འོ་མ་	NOUN
འཛིན་པ་	འཛིན་པ་	VERB
ས་	གིས་	PART
དབང་	དབང་	NOUN
བསྐུར་བ་	བསྐུར་བ་	VERB
། །		PUNCT
གང་	གང་	NO_POS
ལ་	ལ་	ADP
ས་	གིས་	PART
བདེ་	བདེ་	VERB
ཐོབ་	ཐོབ་	VERB
དེ་	སྟེ་	PART
བྱིས་པ་	བྱིས་པ་	NOUN
འོ་	གོ་	PART
། །		PUNCT
ཡུན་རིང་	ཡུན་རིང་	NOUN
གསང་བ་	གསང་བ་	VERB
ར་	ལ་	PART
སྤྲོས་	སྤྲོས་	VERB
ལ་	ལ་	ADP
ས་	གིས་	PART
སྐྱེ་	སྐྱེ་	VERB
། །		PUNCT
བྱང་ཆུབ་	བྱང་ཆུབ་	NOUN
སེམས་	སེམས་	NOUN
ནི་	ནི་	NO_POS
འཕོ་པ་	འཕོ་པ་	VERB
འི་	གི་	PART
བདེ་	བདེ་	VERB
། །		PUNCT
གསང་བ་	གསང་བ་	VERB
འི་	གི་	PART
དབང་	དབང་	NOUN
བསྐུར་	བསྐུར་	NO_POS
གསང་བ་	གསང་བ་	VERB
ནི་	ནི་	NO_POS
། །		PUNCT
གང་	གང་	NO_POS
ལ་	ལ་	ADP
ས་	གིས་	PART
བདེ་	བདེ་	VERB
ཐོབ་	ཐོབ་	VERB
དེ་	སྟེ་	PART
དར་མ་	དར་མ་	PROPN
། །		PUNCT
ཡུན་རིང་	ཡུན་རིང་	NOUN
གསང་བ་	གསང་བ་	VERB
ར་	ལ་	PART
སྤྲོས་	སྤྲོས་	VERB
ལ་	ལ་	ADP
ས་	གིས་	PART
སྐྱེ་	སྐྱེ་	VERB
། །		PUNCT
རྡོ་རྗེ་	རྡོ་རྗེ་	NOUN
འི་	གི་	PART
རྩེ་མོ་	རྩེ་མོ་	NOUN
ར་	ལ་	PART
གཡོ་བ་	གཡོ་བ་	VERB
འི་	གི་	PART
བདེ་	བདེ་	VERB
། །		PUNCT
ཤེས་རབ་	ཤེས་རབ་	NOUN
ཡེ་ཤེས་	ཡེ་ཤེས་	NOUN
དབང་	དབང་	NOUN
བསྐུར་བ་	བསྐུར་བ་	VERB
། །		PUNCT
གང་	གང་	NO_POS
ལ་	ལ་	ADP
ས་	གིས་	PART
གཡོ་བ་	གཡོ་བ་	VERB
འི་	གི་	PART
བགྲོད་	བགྲོད་	VERB
དེ་	སྟེ་	PART
རྒན་	རྒན་	NOUN
། །		PUNCT
ཕྱག་རྒྱ་	ཕྱག་རྒྱ་	NOUN
ཆེན་པོ་	ཆེན་པོ་	ADJ
རྗེས་ཆགས་	རྗེས་ཆགས་	NO_POS
ལ་	ལ་	ADP
ས་	གིས་	PART
། །		PUNCT
སྐྱེས་པ་	སྐྱེས་པ་	VERB
གཡོ་མེད་	གཡོ་མེད་	ADJ
བདེ་བ་	བདེ་བ་	VERB
ནི་	ནི་	NO_POS
། །		PUNCT
ཤེས་རབ་	ཤེས་རབ་	NOUN
ཆེན་པོ་	ཆེན་པོ་	ADJ
འི་	གི་	PART
དབང་	དབང་	NOUN
བསྐུར་བ་	བསྐུར་བ་	VERB
། །		PUNCT
གང་	གང་	NO_POS
ལ་	ལ་	ADP
ས་	གིས་	PART
གཡོ་མེད་	གཡོ་མེད་	ADJ
རྟོགས་པ་	རྟོགས་པ་	VERB
དེ་	སྟེ་	PART
། །		PUNCT
སྐྱེ་དགུ་	སྐྱེ་དགུ་	NO_POS
འི་	གི་	PART
བདག་པོ་	བདག་པོ་	NOUN
ར་	ལ་	PART
རྣམ་ཤེས་	རྣམ་ཤེས་	NOUN
བྱ་	བྱ་	VERB
། །		PUNCT
སྐྱོབ་པ་	སྐྱོབ་པ་	VERB
ཐམས་ཅད་	ཐམས་ཅད་	DET
སྐྱེད་	སྐྱེད་	VERB
མཛད་པ་	མཛད་པ་	VERB
། །		PUNCT
རྡོ་རྗེ་	རྡོ་རྗེ་	NOUN
སེམས་དཔའ་	སེམས་དཔའ་	NOUN
སེམས་དཔའ་	སེམས་དཔའ་	NOUN
ཆེ་	ཆེ་	VERB
། །		PUNCT
བྱང་སེམས་	བྱང་སེམས་	NOUN
གཉིས་	གཉིས་	NUM
མེད་	མེད་	VERB
མི་འགྱུར་བ་	མི་འགྱུར་བ་	NO_POS
། །		PUNCT
འདི་	འདི་	DET
ནི་	ནི་	NO_POS
དམ་ཚིག་	དམ་ཚིག་	NOUN
སེམས་དཔའ་	སེམས་དཔའ་	NOUN
འགྱུར་	འགྱུར་	VERB
། །		PUNCT
རྡོ་རྗེ་	རྡོ་རྗེ་	NOUN
འི་	གི་	PART
རྣལ་འབྱོར་	རྣལ་འབྱོར་	NOUN
རྣམ་པ་	རྣམ་པ་	NOUN
བཞི་	བཞི་	NUM
། །		PUNCT
དུས་	དུས་	NOUN
ཀྱི་	གི་	PART
འཁོར་ལོ་	འཁོར་ལོ་	NOUN
འདི་	འདི་	DET
ར་	ལ་	PART
བཤད་པ་	བཤད་པ་	VERB
། །		PUNCT
རྣལ་འབྱོར་པ་	རྣལ་འབྱོར་པ་	NOUN
ཡི་	གི་	PART
ཐ་	ཐ་	VERB
སྟེར་	སྟེར་	VERB
བྱེད་	བྱེད་	VERB
"།

།"		PUNCT
འདི་ཉིད་	འདི་ཉིད་	OTHER
ཀྱི་	གི་	PART
ནི་	ནི་	NO_POS
སྒྲུབ་པ་	སྒྲུབ་པ་	VERB
བྱ་	བྱ་	VERB
། །		PUNCT
རབ་གསལ་	རབ་གསལ་	PROPN
བསམ་	བསམ་	NOUN
གྱིས་	གིས་	PART
མི་	མི་	PART
ཁྱབ་པ་	ཁྱབ་པ་	VERB
འི་	གི་	PART
། །		PUNCT
དུ་	ལ་	PART
སོགས་	སོགས་	DET
མཚན་མ་	མཚན་མ་	NOUN
དེ་	སྟེ་	PART
རྣམས་	རྣམས་	DET
ཀྱི་	གི་	PART
། །		PUNCT
ཤེས་རབ་	ཤེས་རབ་	NOUN
གཟུགས་བརྙན་	གཟུགས་བརྙན་	NOUN
ནམ་མཁའ་	ནམ་མཁའ་	NOUN
མཉམ་	མཉམ་	VERB
། །		PUNCT
ཡོད་	ཡོད་	VERB
དང་	དང་	NO_POS
མེད་	མེད་	VERB
ལ་	ལ་	ADP
ས་	གིས་	PART
རྣམ་པ་	རྣམ་པ་	NOUN
ར་	ལ་	PART
འདའ་	འདའ་	VERB
། །		PUNCT
རང་	རང་	PRON
གི་	གི་	PART
སེམས་	སེམས་	NOUN
ཀྱི་	གི་	PART
རྐྱེན་	རྐྱེན་	NOUN
གྱི་	གི་	PART
དོན་	དོན་	NOUN
། །		PUNCT
རྡུལ་ཕྲན་	རྡུལ་ཕྲན་	NOUN
ལ་	ལ་	ADP
ས་	གིས་	PART
སྐྱེ་	སྐྱེ་	VERB
ཚོགས་པ་	ཚོགས་པ་	VERB
རྣམས་	རྣམས་	DET
། །		PUNCT
ཀུན་	ཀུན་	DET
ན་	ནས་	PART
ཡོངས་སུ་	ཡོངས་སུ་	NO_POS
དོར་བ་	དོར་བ་	VERB
ཡི་	གིས་	PART
། །		PUNCT
དུ་བ་	དུ་བ་	NOUN
སྨིན་	སྨིན་	VERB
རྒྱུ་	རྒྱུ་	NOUN
མཁའ་སྣང་	མཁའ་སྣང་	NO_POS
དང་	དང་	NO_POS
། །		PUNCT
སྒྲོལ་མ་	སྒྲོལ་མ་	PROPN
འབར་བ་	འབར་བ་	VERB
ཟླ་	ཟླ་	NOUN
ཉི་མ་	ཉི་མ་	NOUN
། །		PUNCT
མུན་ཅན་	མུན་ཅན་	NO_POS
ཆ་	ཆ་	NOUN
དང་	དང་	NO_POS
ཐིག་ལེ་	ཐིག་ལེ་	NOUN
ཆེ་	ཆེ་	VERB
། །		PUNCT
སྣ་ཚོགས་	སྣ་ཚོགས་	DET
གཟུགས་བརྙན་	གཟུགས་བརྙན་	NOUN
འོད་གསལ་བ་	འོད་གསལ་བ་	NO_POS
། །		PUNCT
བཀབ་	བཀབ་	NO_POS
དང་	དང་	NO_POS
མ་	མ་	PART
བཀབ་	བཀབ་	NO_POS
མིག་	མིག་	NOUN
དག་	དག་	DET
གིས་	གིས་	PART
། །		PUNCT
སྟོང་པ་	སྟོང་པ་	VERB
ར་	ལ་	PART
འདི་	འདི་	DET
ནི་	ནི་	NO_POS
རྗེས་	རྗེས་	NOUN
བརྟགས་	བརྟགས་	VERB
མིན་	མིན་	AUX
། །		PUNCT
རྨི་ལམ་	རྨི་ལམ་	NOUN
བཞིན་	བཞིན་	NOUN
དུ་	ལ་	PART
གཟུགས་	གཟུགས་	NOUN
མཐོང་	མཐོང་	VERB
འགྱུར་	འགྱུར་	VERB
། །		PUNCT
རྟག་	རྟག་	VERB
ཏུ་	ལ་	PART
གཟུགས་	གཟུགས་	NOUN
དེ་	སྟེ་	PART
བསྒོམ་པ་	བསྒོམ་པ་	VERB
ར་	ལ་	PART
བྱ་	བྱ་	VERB
། །		PUNCT
དངོས་མེད་	དངོས་མེད་	NOUN
གཟུགས་	གཟུགས་	NOUN
ལ་	ལ་	PART
སྒོམ་པ་	སྒོམ་པ་	VERB
དེ་	སྟེ་	PART
། །		PUNCT
རྣལ་འབྱོར་པ་	རྣལ་འབྱོར་པ་	NOUN
ཡི་	གི་	PART
བསྒོམ་པ་	བསྒོམ་པ་	VERB
མིན་	མིན་	AUX
། །		PUNCT
དངོས་པོ་	དངོས་པོ་	NOUN
དངོས་མེད་	དངོས་མེད་	NOUN
སེམས་	སེམས་	NOUN
ཀྱི་	གི་	PART
མིན་	མིན་	AUX
། །		PUNCT
སྟོང་པ་	སྟོང་པ་	VERB
ར་	ལ་	PART
མ་	མ་	PART
བརྟགས་	བརྟགས་	VERB
མཐོང་	མཐོང་	VERB
ཕྱི་	ཕྱི་	OTHER
རོ་	རོ་	NOUN
། །		PUNCT
ཇི་ལྟ་		
པྲ་	པྲ་	NOUN
ཕབ་	ཕབ་	VERB
མེ་ལོང་	མེ་ལོང་	NOUN
ལ་	ལ་	PART
། །		PUNCT
གཞོན་ནུ་	གཞོན་ནུ་	ADJ
མ་	མ་	OTHER
མཐོང་	མཐོང་	VERB
དངོས་མེད་	དངོས་མེད་	NOUN
སྐྱེ་	སྐྱེ་	VERB
། །		PUNCT
དེ་བཞིན་	དེ་བཞིན་	OTHER
འདའ་	འདའ་	VERB
དང་	དང་	NO_POS
མ་འོངས་	མ་འོངས་	NOUN
ཆོ་	ཆོ་	NOUN
། །		PUNCT
མཁའ་	མཁའ་	NOUN
ལ་	ལ་	PART
དེ་ཉིད་	དེ་ཉིད་	NOUN
རྣལ་འབྱོར་པ་	རྣལ་འབྱོར་པ་	NOUN
ས་	གིས་	PART
། །		PUNCT
འདི་	འདི་	DET
ལ་	ལ་	ADP
ས་	གིས་	PART
དངོས་པོ་	དངོས་པོ་	NOUN
དངོས་མེད་	དངོས་མེད་	NOUN
འགྱུར་	འགྱུར་	VERB
། །		PUNCT
དངོས་པོ་	དངོས་པོ་	NOUN
སྟོང་པ་	སྟོང་པ་	VERB
འི་	གི་	PART
དོན་	དོན་	NOUN
མཐོང་	མཐོང་	VERB
ཕྱི་	ཕྱི་	OTHER
། །		PUNCT
དངོས་པོ་	དངོས་པོ་	NOUN
དངོས་མེད་	དངོས་མེད་	NOUN
དོན་ཡོད་པ་	དོན་ཡོད་པ་	ADJ
། །		PUNCT
སྒྱུ་མ་	སྒྱུ་མ་	NOUN
རྨི་ལམ་	རྨི་ལམ་	NOUN
མིག་འཕྲུལ་	མིག་འཕྲུལ་	OTHER
བཞིན་	བཞིན་	NOUN
། །		PUNCT
མེད་པ་	མེད་པ་	VERB
འི་	གི་	PART
ཆོས་ཅན་	ཆོས་ཅན་	NOUN
དག་	དག་	DET
ལ་	ལ་	PART
ཆོ་	ཆོ་	NOUN
། །		PUNCT
སྐྱེ་བ་	སྐྱེ་བ་	VERB
འདི་	འདི་	DET
ནི་	ནི་	NO_POS
རབ་ཏུ་	རབ་ཏུ་	NO_POS
མཐོང་	མཐོང་	VERB
། །		PUNCT
ཡིད་བཞིན་	ཡིད་བཞིན་	OTHER
ནོར་	ནོར་	NOUN
ལྟ་	ལྟ་	OTHER
མཐའ་ཡས་པ་	མཐའ་ཡས་པ་	ADJ
འི་	གི་	PART
། །		PUNCT
སེམས་ཅན་	སེམས་ཅན་	NOUN
བསམ་པ་	བསམ་པ་	VERB
ཡོངས་རྫོགས་	ཡོངས་རྫོགས་	OTHER
བྱེད་	བྱེད་	VERB
། །		PUNCT
པྲ་	པྲ་	NOUN
ཕབ་བ་	ཕབ་བ་	VERB
ཡི་	གི་	PART
གཞོན་ནུ་	གཞོན་ནུ་	ADJ
མ་	མ་	OTHER
། །		PUNCT
མ་	མ་	PART
མཐོང་བ་	མཐོང་བ་	VERB
ཡི་	གི་	PART
རྐུན་པོ་	རྐུན་པོ་	NOUN
མཐོང་	མཐོང་	VERB
། །		PUNCT
ཉི་ཚེ་བ་	ཉི་ཚེ་བ་	OTHER
ཡི་	གི་	PART
མིག་	མིག་	NOUN
དག་	དག་	DET
གིས་	གིས་	PART
། །		PUNCT
སོང་	སོང་	VERB
ན་	ནས་	PART
སྒྲུབ་པ་པོ་	སྒྲུབ་པ་པོ་	VERB
ཡི་	གིས་	PART
མཐོང་	མཐོང་	VERB
། །		PUNCT
གལ་ཏེ་	གལ་ཏེ་	NO_POS
ཡོད་པ་	ཡོད་པ་	VERB
འི་	གི་	PART
གཟུགས་	གཟུགས་	NOUN
མཐོང་	མཐོང་	VERB
ན་	ལ་	PART
། །		PUNCT
རང་	རང་	PRON
གི་	གི་	PART
གདོང་པ་	གདོང་པ་	NOUN
ཅིས་	ཅིས་	NO_POS
མི་	མི་	PART
མཐོང་	མཐོང་	VERB
། །		PUNCT
གལ་ཏེ་	གལ་ཏེ་	NO_POS
མེད་པ་	མེད་པ་	VERB
འི་	གི་	PART
གཟུགས་	གཟུགས་	NOUN
མཐོང་	མཐོང་	VERB
ན་	ལ་	PART
། །		PUNCT
རི་བོང་	རི་བོང་	NOUN
རྭ་	རྭ་	NOUN
ནི་	ནི་	NO_POS
ཇི་ལྟ་		
མིན་	མིན་	AUX
། །		PUNCT
གཞན་	གཞན་	DET
གྱི་	གི་	PART
མིག་	མིག་	NOUN
གིས་	གིས་	PART
མི་	མི་	PART
མཐོང་	མཐོང་	VERB
ཞིང་	ཅིང་	PART
། །		PUNCT
རང་	རང་	PRON
གི་	གི་	PART
མིག་	མིག་	NOUN
གིས་	གིས་	PART
མཐོང་	མཐོང་	VERB
མིན་པ་	མིན་པ་	VERB
། །		PUNCT
སྐྱེ་བ་	སྐྱེ་བ་	VERB
མེད་པ་	མེད་པ་	VERB
མཐོང་བ་	མཐོང་བ་	VERB
ནི་	ནི་	NO_POS
། །		PUNCT
གཞོན་ནུ་	གཞོན་ནུ་	ADJ
མ་	མ་	PART
ཡི་	གི་	PART
བུ་	བུ་	NOUN
ཇི་བཞིན་	ཇི་བཞིན་	OTHER
། །		PUNCT
གཟུགས་བརྙན་	གཟུགས་བརྙན་	NOUN
མཐོང་	མཐོང་	VERB
ན་	ལ་	PART
དེ་ནས་	དེ་ནས་	NO_POS
ནི་	ནི་	NO_POS
། །		PUNCT
བར་མ་	བར་མ་	ADJ
ཆད་པ་	ཆད་པ་	VERB
ར་	ལ་	PART
སྲོག་	སྲོག་	NOUN
རྩོལ་	རྩོལ་	NO_POS
བྱ་	བྱ་	VERB
། །		PUNCT
སྟེང་འོག་	སྟེང་འོག་	NOUN
རྩེ་	རྩེ་	NOUN
གསུམ་པོ་	གསུམ་པོ་	NUM
རྣམས་	རྣམས་	DET
ལ་	ལ་	PART
། །		PUNCT
ལུས་ངག་	ལུས་ངག་	NOUN
སེམས་	སེམས་	NOUN
ནི་	ནི་	NO_POS
འགོག་པ་	འགོག་པ་	VERB
ལ་	ལ་	ADP
ས་	གིས་	PART
། །		PUNCT
ཟླ་	ཟླ་	NOUN
ཉི་	ཉི་	NUM
སྒྲ་གཅན་	སྒྲ་གཅན་	OTHER
བཤང་གཅི་	བཤང་གཅི་	NOUN
དང་	དང་	NO_POS
། །		PUNCT
ཁུ་བ་	ཁུ་བ་	NOUN
འབབ་པ་	འབབ་པ་	VERB
འི་	གི་	PART
ལམ་	གམ་	PART
རྣམས་	རྣམས་	DET
སུ་	ལ་	PART
"།

།"		PUNCT
ཆུ་	ཆུ་	NOUN
མེ་	མེ་	NOUN
སྟོང་པ་	སྟོང་པ་	VERB
ས་	ས་	ADP
རླུང་	རླུང་	NOUN
དང་	དང་	NO_POS
། །		PUNCT
ཡེ་ཤེས་	ཡེ་ཤེས་	NOUN
ཁམས་	ཁམས་	NOUN
རྣམས་	རྣམས་	DET
སྐྱེད་	སྐྱེད་	VERB
རྣམས་	རྣམས་	DET
ལ་	ལ་	PART
། །		PUNCT
གང་ཞིག་	གང་ཞིག་	NO_POS
ཟླ་	ཟླ་	NOUN
ཉི་	ཉི་	NUM
མུན་ཅན་	མུན་ཅན་	NO_POS
དང་	དང་	NO_POS
། །		PUNCT
བཤང་གཅི་	བཤང་གཅི་	NOUN
ཁུ་བ་	ཁུ་བ་	NOUN
འབབ་	འབབ་	NO_POS
མ་	མ་	PART
རྣམས་	རྣམས་	DET
། །		PUNCT
སྲོག་	སྲོག་	NOUN
དང་	དང་	NO_POS
ཐུར་	ཐུར་	NOUN
སེལ་	སེལ་	VERB
རིམ་པ་	རིམ་པ་	NOUN
ཡི་	གིས་	PART
། །		PUNCT
ལུས་ངག་	ལུས་ངག་	NOUN
སེམས་	སེམས་	NOUN
ཀྱི་	གི་	PART
རྩ་	རྩ་	NUM
རྣམས་	རྣམས་	DET
སོ་	གོ་	PART
། །		PUNCT
ཟླ་བ་	ཟླ་བ་	NOUN
ཐབས་	ཐབས་	NOUN
ཀྱི་	གི་	PART
སྐུ་	སྐུ་	NOUN
ཡིན་	ཡིན་	NO_POS
ཏེ་	སྟེ་	PART
། །		PUNCT
ཉིན་	ཉིན་	NOUN
མོ་	མོ་	PRON
ར་	ལ་	PART
བྱེད་པ་	བྱེད་པ་	VERB
ཤེས་རབ་	ཤེས་རབ་	NOUN
གསུང་	གསུང་	VERB
། །		PUNCT
ཤེས་རབ་	ཤེས་རབ་	NOUN
སྐུ་	སྐུ་	NOUN
ནི་	ནི་	NO_POS
བཤང་བ་	བཤང་བ་	NO_POS
འི་	གི་	PART
རྩ་	རྩ་	NUM
། །		PUNCT
གཅི་བ་	གཅི་བ་	VERB
འབབ་	འབབ་	NO_POS
མ་	མ་	PART
གཙོ་བོ་	གཙོ་བོ་	ADJ
འི་	གི་	PART
གསུང་	གསུང་	VERB
། །		PUNCT
སྟེང་འོག་	སྟེང་འོག་	NOUN
ཐུགས་	ཐུགས་	NOUN
ཀྱི་	གི་	PART
རྩ་	རྩ་	NUM
གཉིས་	གཉིས་	NUM
དག་	དག་	DET
།		PUNCT
མུན་ཅན་	མུན་ཅན་	NO_POS
ཁུ་བ་	ཁུ་བ་	NOUN
འབབ་	འབབ་	NO_POS
མ་	མ་	PART
འོ་	གོ་	PART
། །		PUNCT
ཐབས་	ཐབས་	NOUN
ཀྱི་	གི་	PART
ཐུགས་	ཐུགས་	NOUN
ནི་	ནི་	NO_POS
མུན་པ་ཅན་	མུན་པ་ཅན་	ADJ
། །		PUNCT
ཁུ་བ་	ཁུ་བ་	NOUN
འབབ་	འབབ་	NO_POS
མ་	མ་	PART
ཤེས་རབ་	ཤེས་རབ་	NOUN
ཀྱི་	གི་	PART
། །		PUNCT
སྟེང་འོག་	སྟེང་འོག་	NOUN
རིགས་	རིགས་	NOUN
དྲུག་	དྲུག་	NUM
འདི་	འདི་	DET
རྣམས་	རྣམས་	DET
ནི་	ནི་	NO_POS
། །		PUNCT
སྐུ་གསུང་ཐུགས་	སྐུ་གསུང་ཐུགས་	NOUN
ཀྱི་	གི་	PART
རྣལ་འབྱོར་	རྣལ་འབྱོར་	NOUN
ལ་	ལ་	ADP
ས་	གིས་	PART
། །		PUNCT
ཤེས་རབ་	ཤེས་རབ་	NOUN
ཐབས་	ཐབས་	NOUN
དངོ་	དངོ་	NOUN
ཡན་ལག་	ཡན་ལག་	NOUN
གིས་	གིས་	PART
། །		PUNCT
ལུས་ཅན་	ལུས་ཅན་	NOUN
ཀུན་	ཀུན་	DET
ལ་	ལ་	PART
ཡང་དག་	ཡང་དག་	ADJ
གནས་	གནས་	NOUN
། །		PUNCT
འཆི་ལྟས་	འཆི་ལྟས་	NOUN
ལུས་ངག་	ལུས་ངག་	NOUN
རྩ་	རྩ་	NUM
དག་	དག་	DET
ལ་	ལ་	PART
། །		PUNCT
སྟེང་འོག་	སྟེང་འོག་	NOUN
ལྷག་པ་	ལྷག་པ་	VERB
འི་	གི་	PART
རླུང་	རླུང་	NOUN
རྣམས་	རྣམས་	DET
ཀྱིས་	གིས་	PART
། །		PUNCT
མུན་ཅན་	མུན་ཅན་	NO_POS
ཁུ་བ་	ཁུ་བ་	NOUN
འབབ་	འབབ་	NO_POS
མ་ལ་	མ་ལ་	INTJ
། །		PUNCT
སྐྱེ་བ་	སྐྱེ་བ་	VERB
དང་	དང་	NO_POS
ནི་	ནི་	NO_POS
འཆི་བ་	འཆི་བ་	VERB
གནས་	གནས་	NOUN
། །		PUNCT
སྐྱེ་	སྐྱེ་	NOUN
དང་	དང་	NO_POS
འཆི་	འཆི་	VERB
དང་	དང་	NO_POS
འཁྲིག་པ་	འཁྲིག་པ་	VERB
ཡི་	གི་	PART
། །		PUNCT
དུས་	དུས་	NOUN
སུ་	ལ་	PART
ཁུ་བ་	ཁུ་བ་	NOUN
འབབ་པ་	འབབ་པ་	VERB
འོ་	གོ་	PART
། །		PUNCT
མུན་ཅན་	མུན་ཅན་	NO_POS
མ་	མ་	PART
ཡང་	ཀྱང་	PART
སྟེང་	སྟེང་	NOUN
དུ་	ལ་	PART
འབབ་	འབབ་	NO_POS
། །		PUNCT
ཉི་མ་	ཉི་མ་	NOUN
འི་	གི་	PART
འཕོ་བ་	འཕོ་བ་	VERB
མཉམ་པ་	མཉམ་པ་	VERB
ལ་	ལ་	PART
། །		PUNCT
དུས་སྦྱོར་	དུས་སྦྱོར་	NOUN
འཆར་བ་	འཆར་བ་	VERB
འི་	གི་	PART
མངོན་	མངོན་	VERB
མཚམས་	མཚམས་	NOUN
སུ་	ལ་	PART
། །		PUNCT
དབུ་མ་	དབུ་མ་	PROPN
ན་	ནས་	PART
ནི་	ནི་	NO_POS
དམན་པ་	དམན་པ་	VERB
འབབ་	འབབ་	NO_POS
། །		PUNCT
རྐང་པ་	རྐང་པ་	NOUN
དང་	དང་	NO_POS
བཅའ་	བཅའ་	VERB
ལྔ་	ལྔ་	NUM
བཅུ་དྲུག་	བཅུ་དྲུག་	NO_POS
།		PUNCT
འབྱུང་	འབྱུང་	VERB
དང་	དང་	NO_POS
འཇུག་པ་	འཇུག་པ་	VERB
འོ་	གོ་	PART
མི་	མི་	PART
ཡི་	གི་	PART
བདག་	བདག་	PRON
།		PUNCT
བདུན་ཅུ་	བདུན་ཅུ་	NO_POS
རྩ་	རྩ་	NUM
ལྔ་	ལྔ་	NUM
ས་	གིས་	PART
ལྷག་པ་	ལྷག་པ་	VERB
ཡི་	གི་	PART
། །		PUNCT
དྲུག་	དྲུག་	NUM
བརྒྱ་	བརྒྱ་	NUM
ཉིན་	ཉིན་	NOUN
དང་	དང་	NO_POS
མཚན་	མཚན་	NOUN
ལ་	ལ་	PART
འོ་	གོ་	PART
། །		PUNCT
དྲུག་	དྲུག་	NUM
བརྒྱ་	བརྒྱ་	NUM
རྣམས་	རྣམས་	DET
ཀྱིས་	གིས་	PART
ལྷག་པ་	ལྷག་པ་	VERB
ཡི་	གི་	PART
། །		PUNCT
སྟོང་ཕྲག་	སྟོང་ཕྲག་	OTHER
ཉི་ཤུ་	ཉི་ཤུ་	NUM
རྩ་	རྩ་	NUM
གཅིག་པོ་	གཅིག་པོ་	NUM
། །		PUNCT
འདི་	འདི་	DET
ཡི་	གིས་	PART
དམན་པ་	དམན་པ་	VERB
གང་དེ་	གང་དེ་	NO_POS
རྣམས་	རྣམས་	DET
། །		PUNCT
གཡོན་	གཡོན་	NOUN
དང་	དང་	NO_POS
གཡས་པ་	གཡས་པ་	VERB
འི་	གི་	PART
རྩ་	རྩ་	NUM
ར་	ལ་	PART
འབབ་བོ་	འབབ་བོ་	NO_POS
། །		PUNCT
ཕྱོགས་	ཕྱོགས་	NOUN
གསུམ་	གསུམ་	NUM
དང་	དང་	NO_POS
བཅའ་	བཅའ་	VERB
ལོ་	གོ་	PART
གསུམ་	གསུམ་	NUM
རྣམས་	རྣམས་	DET
། །		PUNCT
ལོ་	གོ་	PART
བརྒྱ་	བརྒྱ་	NUM
རྣམས་	རྣམས་	DET
ལ་	ལ་	ADP
ས་	གིས་	PART
དབུ་མ་	དབུ་མ་	PROPN
འོ་	གོ་	PART
། །		PUNCT
སྟེང་	སྟེང་	NOUN
དུ་	ལ་	PART
གཡོན་	གཡོན་	NOUN
གཡའ་	གཡའ་	NOUN
ཟླ་	ཟླ་	NOUN
ཉི་མ་	ཉི་མ་	NOUN
། །		PUNCT
བརྐྱང་	བརྐྱང་	NO_POS
མ་	མ་	PART
ལུག་	ལུག་	NOUN
དང་	དང་	NO_POS
སེར་སྐྱ་	སེར་སྐྱ་	PROPN
གཞན་	གཞན་	DET
། །		PUNCT
ཆུ་	ཆུ་	NOUN
དང་	དང་	NO_POS
མེ་	མེ་	NOUN
ཡི་	གི་	PART
རང་བཞིན་	རང་བཞིན་	NOUN
ཅན་	ཅན་	PART
། །		PUNCT
པདྨ་	པདྨ་	NOUN
རིན་ཆེན་	རིན་ཆེན་	OTHER
འཛིན་པ་	འཛིན་པ་	VERB
ར་	ལ་	PART
འདོད་	འདོད་	VERB
། །		PUNCT
འོག་	འོག་	NOUN
ཏུ་	ལ་	PART
བཤང་གཅི་	བཤང་གཅི་	NOUN
འབབ་པ་	འབབ་པ་	VERB
དག་	དག་	DET
།		PUNCT
ས་	ས་	ADP
དང་	དང་	NO_POS
རླུང་	རླུང་	NOUN
གི་	གི་	PART
རང་བཞིན་	རང་བཞིན་	NOUN
ཅན་	ཅན་	PART
། །		PUNCT
དབུ་མ་	དབུ་མ་	PROPN
འི་	གི་	PART
རྩ་	རྩ་	NUM
དང་	དང་	NO_POS
གཡོན་པ་	གཡོན་པ་	ADJ
ཡང་	ཀྱང་	PART
། །		PUNCT
འཁོར་ལོ་	འཁོར་ལོ་	NOUN
རལ་གྲི་	རལ་གྲི་	NOUN
འཛིན་པ་	འཛིན་པ་	VERB
ར་	ལ་	PART
འདོད་	འདོད་	VERB
། །		PUNCT
སྟེང་	སྟེང་	NOUN
དང་	དང་	NO_POS
འོག་	འོག་	NOUN
ཏུ་	ལ་	PART
དབུ་མ་	དབུ་མ་	PROPN
གཡའ་	གཡའ་	NOUN
། །		PUNCT
སྒྲ་གཅན་	སྒྲ་གཅན་	OTHER
ཁུ་བ་	ཁུ་བ་	NOUN
རབ་	རབ་	ADV
འབབ་པ་	འབབ་པ་	VERB
། །		PUNCT
སྟོང་པ་	སྟོང་པ་	VERB
ཡེ་ཤེས་	ཡེ་ཤེས་	NOUN
རང་བཞིན་	རང་བཞིན་	NOUN
ཅན་	ཅན་	PART
། །		PUNCT
རྡོ་རྗེ་	རྡོ་རྗེ་	NOUN
རྡོ་རྗེ་	རྡོ་རྗེ་	NOUN
འཛིན་པ་	འཛིན་པ་	VERB
ར་	ལ་	PART
འདོད་	འདོད་	VERB
། །		PUNCT
ཟླ་བ་	ཟླ་བ་	NOUN
འི་	གི་	PART
ལམ་	གམ་	PART
གྱིས་	གིས་	PART
བཤང་བ་	བཤང་བ་	NO_POS
འི་	གི་	PART
རྩ་	རྩ་	NUM
། །		PUNCT
ཉི་མ་	ཉི་མ་	NOUN
ས་	གིས་	PART
གཅི་བ་	གཅི་བ་	VERB
འབབ་པ་	འབབ་པ་	VERB
སྟེ་	སྟེ་	PART
། །		PUNCT
སྐྱེ་འཆི་	སྐྱེ་འཆི་	NOUN
མཉམ་པ་	མཉམ་པ་	VERB
ཆགས་པ་	ཆགས་པ་	VERB
ལ་	ལ་	PART
"།

།"		PUNCT
སྒྲ་གཅན་	སྒྲ་གཅན་	OTHER
ཁུ་བ་	ཁུ་བ་	NOUN
རབ་ཏུ་	རབ་ཏུ་	NO_POS
འབབ་	འབབ་	NO_POS
། །		PUNCT
ལྟེ་བ་	ལྟེ་བ་	NOUN
འི་	གི་	PART
སྟེང་	སྟེང་	NOUN
དུ་	ལ་	PART
ཀུན་	ཀུན་	DET
འད་	འདའ་	VERB
ར་	ལ་	PART
མ་	མ་	PART
། །		PUNCT
གང་དེ་	གང་དེ་	NO_POS
ཡིད་བཟང་	ཡིད་བཟང་	NO_POS
མུན་པ་	མུན་པ་	NOUN
འབབ་	འབབ་	NO_POS
། །		PUNCT
འོག་	འོག་	NOUN
ཏུ་	ལ་	PART
ཁུ་བ་	ཁུ་བ་	NOUN
འབབ་	འབབ་	NO_POS
གང་དེ་	གང་དེ་	NO_POS
། །		PUNCT
མཁའ་འགྲོ་	མཁའ་འགྲོ་	NOUN
གདོང་	གདོང་	NOUN
དང་	དང་	NO_POS
དུང་	དུང་	NOUN
ཅན་	ཅན་	PART
མ་	མ་	PART
། །		PUNCT
ལྟེ་བ་	ལྟེ་བ་	NOUN
འི་	གི་	PART
ཆུ་སྐྱེས་	ཆུ་སྐྱེས་	OTHER
སྙིང་	སྙིང་	NOUN
མགྲིན་	མགྲིན་	NOUN
དང་	དང་	NO_POS
། །		PUNCT
དཔྲལ་བ་	དཔྲལ་བ་	NOUN
གཙུག་ཏོར་	གཙུག་ཏོར་	PROPN
འདམ་སྐྱེས་	འདམ་སྐྱེས་	NO_POS
ལ་	ལ་	PART
། །		PUNCT
ས་	ས་	ADP
ཆུ་	ཆུ་	NOUN
མེ་	མེ་	NOUN
རླུང་	རླུང་	NOUN
སྟོང་པ་	སྟོང་པ་	VERB
རྣམས་	རྣམས་	DET
། །		PUNCT
རབ་ཏུ་	རབ་ཏུ་	NO_POS
འབབ་པ་	འབབ་པ་	VERB
སྡུད་པ་	སྡུད་པ་	VERB
ཡི་	གིས་	PART
། །		PUNCT
འབྱུང་འགྱུར་	འབྱུང་འགྱུར་	NOUN
དེ་	སྟེ་	PART
ནི་	ནི་	NO_POS
འཇུག་པ་	འཇུག་པ་	VERB
དག་	དག་	DET
།		PUNCT
བསྐྱེད་པ་	བསྐྱེད་པ་	VERB
ས་	གིས་	PART
འཇུག་	འཇུག་	VERB
སྟེ་	སྟེ་	PART
ས་	ས་	ADP
ལ་	ལ་	PART
འོ་	གོ་	PART
། །		PUNCT
ལྟེ་བ་	ལྟེ་བ་	NOUN
ན་	ནས་	PART
ནི་	ནི་	NO_POS
ལྟེ་བ་	ལྟེ་བ་	NOUN
འི་	གི་	PART
དབུ་	དབུ་	NOUN
། །		PUNCT
ཨ་བ་	ཨ་བ་	NO_POS
དྷཱུ་		NON_WORD
ཏཱིར་		NON_WORD
འགྲོ་	འགྲོ་	VERB
དང་	དང་	NO_POS
འོང་	འོང་	VERB
། །		PUNCT
ལྟེ་	ལྟེ་	NO_POS
གསང་	གསང་	VERB
ནོར་བུ་	ནོར་བུ་	NOUN
འི་	གི་	PART
ཆུ་སྐྱེས་	ཆུ་སྐྱེས་	OTHER
ལ་	ལ་	PART
། །		PUNCT
ལུས་ངག་	ལུས་ངག་	NOUN
སེམས་	སེམས་	NOUN
རྣམས་	རྣམས་	DET
འབབ་པ་	འབབ་པ་	VERB
ནི་	ནི་	NO_POS
། །		PUNCT
འབྱུང་	འབྱུང་	VERB
དང་	དང་	NO_POS
དེ་	སྟེ་	PART
ནི་	ནི་	NO_POS
འཇུག་པ་	འཇུག་པ་	VERB
དང་	དང་	NO_POS
། །		PUNCT
སྡུད་པ་	སྡུད་པ་	VERB
སྐྱེད་པ་	སྐྱེད་པ་	VERB
འི་	གི་	PART
རང་བཞིན་	རང་བཞིན་	NOUN
ཅན་	ཅན་	PART
། །		PUNCT
དུང་	དུང་	NOUN
ཅན་	ཅན་	PART
སྐྱེ་བོ་	སྐྱེ་བོ་	NOUN
ཐམས་ཅད་	ཐམས་ཅད་	DET
ཀྱི་	གི་	PART
། །		PUNCT
ཐུར་	ཐུར་	NOUN
སེལ་	སེལ་	VERB
རླུང་	རླུང་	NOUN
ནི་	ནི་	NO_POS
འབབ་པ་	འབབ་པ་	VERB
འོ་	གོ་	PART
། །		PUNCT
འདི་	འདི་	DET
རྣམས་	རྣམས་	DET
བུད་མེད་	བུད་མེད་	NOUN
བདེ་བ་	བདེ་བ་	VERB
ལ་	ལ་	ADP
ས་	གིས་	PART
། །		PUNCT
ཁུ་བ་	ཁུ་བ་	NOUN
ཁྲག་འབབ་	ཁྲག་འབབ་	NO_POS
དུས་	དུས་	NOUN
དག་	དག་	DET
ཏུ་	ལ་	PART
། །		PUNCT
ཤེས་རབ་	ཤེས་རབ་	NOUN
ཐབས་	ཐབས་	NOUN
དངོ་	དངོ་	NOUN
ཡན་ལག་	ཡན་ལག་	NOUN
གིས་	གིས་	PART
། །		PUNCT
སྟེང་	སྟེང་	NOUN
དུ་	ལ་	PART
གཡའ་	གཡའ་	NOUN
དང་	དང་	NO_POS
གཡོན་	གཡོན་	NOUN
དག་	དག་	DET
དང་	དང་	NO_POS
། །		PUNCT
འོག་	འོག་	NOUN
ཏུ་	ལ་	PART
བཤང་གཅི་	བཤང་གཅི་	NOUN
འབབ་པ་	འབབ་པ་	VERB
དང་	དང་	NO_POS
། །		PUNCT
རྔུལ་	རྔུལ་	NOUN
དང་	དང་	NO_POS
ཁུ་བ་	ཁུ་བ་	NOUN
འབབ་པ་	འབབ་པ་	VERB
དག་	དག་	DET
།		PUNCT
རྔུལ་	རྔུལ་	NOUN
འབབ་	འབབ་	NO_POS
ཕྱི་	ཕྱི་	OTHER
དེ་	སྟེ་	PART
གཏུམ་མོ་	གཏུམ་མོ་	NOUN
སྟེ་	སྟེ་	PART
། །		PUNCT
ཁུ་བ་	ཁུ་བ་	NOUN
འབབ་	འབབ་	NO_POS
ཕྱི་	ཕྱི་	OTHER
མཁའ་འགྲོ་	མཁའ་འགྲོ་	NOUN
གདོང་	གདོང་	NOUN
། །		PUNCT
སྟེང་	སྟེང་	NOUN
དུ་	ལ་	PART
བརྗོད་	བརྗོད་	VERB
དུས་	དུས་	NOUN
བུད་མེད་	བུད་མེད་	NOUN
ཀྱི་	གི་	PART
། །		PUNCT
གཡུང་མོ་	གཡུང་མོ་	NO_POS
སྐྱེས་བུ་	སྐྱེས་བུ་	NOUN
འི་	གི་	PART
ཀུན་	ཀུན་	DET
འད་	འདའ་	VERB
ར་	ལ་	PART
མ་	མ་	PART
འོ་	གོ་	PART
། །		PUNCT
རྣམ་ཤེས་	རྣམ་ཤེས་	NOUN
ལ་སོགས་	ལ་སོགས་	NO_POS
དཀྱིལ་འཁོར་	དཀྱིལ་འཁོར་	NOUN
ལྔ་	ལྔ་	NUM
། །		PUNCT
རྟག་	རྟག་	VERB
ཏུ་	ལ་	PART
གཡོན་པ་	གཡོན་པ་	ADJ
འི་	གི་	PART
རྩ་	རྩ་	NUM
ལ་	ལ་	PART
འོ་	གོ་	PART
། །		PUNCT
ས་	ས་	ADP
སོགས་	སོགས་	DET
གཡས་པ་	གཡས་པ་	VERB
འི་	གི་	PART
རྩ་	རྩ་	NUM
ལ་	ལ་	PART
སྟེ་	སྟེ་	PART
། །		PUNCT
དབུ་	དབུ་	NOUN
སུ་	ལ་	PART
དྲུག་པ་	དྲུག་པ་	NUM
འབབ་པ་	འབབ་པ་	VERB
འོ་	གོ་	PART
། །		PUNCT
ལྟེ་བ་	ལྟེ་བ་	NOUN
འི་	གི་	PART
པདྨ་	པདྨ་	NOUN
འི་	གི་	PART
འདབ་མ་	འདབ་མ་	NOUN
ལ་	ལ་	PART
། །		PUNCT
དཀྱིལ་འཁོར་	དཀྱིལ་འཁོར་	NOUN
དྲུག་ཅུ་	དྲུག་ཅུ་	NUM
རྣམས་	རྣམས་	DET
རིམ་བཞིན་	རིམ་བཞིན་	NO_POS
། །		PUNCT
གཡོན་	གཡོན་	NOUN
དང་	དང་	NO_POS
གཡས་པ་	གཡས་པ་	VERB
འི་	གི་	PART
དུས་སྦྱོར་	དུས་སྦྱོར་	NOUN
ནི་	ནི་	NO_POS
། །		PUNCT
ལུག་	ལུག་	NOUN
སོགས་	སོགས་	DET
གླང་	གླང་	NOUN
ལ་སོགས་པ་	ལ་སོགས་པ་	NO_POS
ལ་	ལ་	PART
། །		PUNCT
རྩ་བ་	རྩ་བ་	NOUN
གཡོན་	གཡོན་	NOUN
དང་	དང་	NO_POS
དེ་ནས་	དེ་ནས་	NO_POS
གཡའ་	གཡའ་	NOUN
། །		PUNCT
སྟེང་	སྟེང་	NOUN
དང་	དང་	NO_POS
དབུ་	དབུ་	NOUN
སུ་	ལ་	PART
རིམ་པ་	རིམ་པ་	NOUN
ས་	གིས་	PART
རླུང་	རླུང་	NOUN
། །		PUNCT
ས་	ས་	ADP
སོགས་	སོགས་	DET
དཀྱིལ་འཁོར་	དཀྱིལ་འཁོར་	NOUN
རེ་རེ་	རེ་རེ་	DET
ཞིང་	ཅིང་	PART
། །		PUNCT
དབྱུག་	དབྱུག་	NO_POS
གུ་	གུ་	VERB
སྣ་བུག་	སྣ་བུག་	NO_POS
དག་	དག་	DET
ལ་	ལ་	PART
འོ་	གོ་	PART
། །		PUNCT
རིམ་པ་	རིམ་པ་	NOUN
ས་	གིས་	PART
ཆུ་ཚོད་	ཆུ་ཚོད་	NOUN
འབབ་པ་	འབབ་པ་	VERB
ནི་	ནི་	NO_POS
། །		PUNCT
དྲུག་ཅུ་	དྲུག་ཅུ་	NUM
དང་	དང་	NO_POS
བཅའ་	བཅའ་	VERB
སུམ་བརྒྱ་	སུམ་བརྒྱ་	OTHER
འི་	གི་	PART
དབུགས་	དབུགས་	NOUN
། །		PUNCT
བརྒྱ་	བརྒྱ་	NUM
ཕྲག་	ཕྲག་	NUM
བཅོ་བརྒྱད་	བཅོ་བརྒྱད་	NO_POS
དབུགས་	དབུགས་	NOUN
དེ་	སྟེ་	PART
རྣམས་	རྣམས་	DET
། །		PUNCT
ཆུ་ཚོད་	ཆུ་ཚོད་	NOUN
ལྔ་	ལྔ་	NUM
ར་	ལ་	PART
ནི་	ནི་	NO_POS
འབབ་པ་	འབབ་པ་	VERB
འོ་	གོ་	PART
། །		PUNCT
ཆུ་ཚོད་	ཆུ་ཚོད་	NOUN
དྲུག་ཅུ་	དྲུག་ཅུ་	NUM
ཉིན་མཚན་	ཉིན་མཚན་	ADV
དུ་	ལ་	PART
། །		PUNCT
ལུས་	ལུས་	NOUN
ལ་	ལ་	PART
དཀྱིལ་འཁོར་	དཀྱིལ་འཁོར་	NOUN
རྣམས་	རྣམས་	DET
ཤེས་པ་	ཤེས་པ་	VERB
འོ་	གོ་	PART
། །		PUNCT
འདབ་མ་	འདབ་མ་	NOUN
འི་	གི་	PART
དབུ་	དབུ་	NOUN
དང་	དང་	NO_POS
དེ་ནས་	དེ་ནས་	NO_POS
ཤ་	ཤ་	VERB
། །		PUNCT
གཡས་གཡོན་	གཡས་གཡོན་	NOUN
གཞན་	གཞན་	DET
དུ་	ལ་	PART
རིམ་པ་	རིམ་པ་	NOUN
ཡི་	གིས་	PART
། །		PUNCT
གཡོན་པ་	གཡོན་པ་	ADJ
ར་	ལ་	PART
རྟག་	རྟག་	VERB
ཏུ་	ལ་	PART
ནམ་མཁའ་	ནམ་མཁའ་	NOUN
སོགས་	སོགས་	DET
། །		PUNCT
གཡས་པ་	གཡས་པ་	VERB
ར་	ལ་	PART
ས་	ས་	ADP
སོགས་	སོགས་	DET
གཞན་	གཞན་	DET
ལ་	ལ་	ADP
ས་	གིས་	PART
སོ་	གོ་	PART
"།

།"		PUNCT
གཡོན་པ་	གཡོན་པ་	ADJ
ར་	ལ་	PART
རྣམ་ཤེས་	རྣམ་ཤེས་	NOUN
སོགས་	སོགས་	DET
འབྱུང་བ་	འབྱུང་བ་	VERB
། །		PUNCT
གཡས་པ་	གཡས་པ་	VERB
ར་	ལ་	PART
ས་	ས་	ADP
སོགས་	སོགས་	DET
སྡུད་པ་	སྡུད་པ་	VERB
འོ་	གོ་	PART
། །		PUNCT
ནུབ་	ནུབ་	ADV
དང་	དང་	NO_POS
ཤ་	ཤ་	VERB
དུ་	ལ་	PART
འཛིན་མ་	འཛིན་མ་	NOUN
རླུང་	རླུང་	NOUN
། །		PUNCT
ཕན་ཚུན་	ཕན་ཚུན་	ADV
ཤེས་རབ་	ཤེས་རབ་	NOUN
ཐབས་	ཐབས་	NOUN
ཡིན་	ཡིན་	NO_POS
ཏེ་	སྟེ་	PART
། །		PUNCT
མཐེ་བོང་	མཐེ་བོང་	NOUN
མིང་མེད་	མིང་མེད་	NO_POS
དག་	དག་	DET
གིས་	གིས་	PART
ནི་	ནི་	NO_POS
། །		PUNCT
གང་	གང་	NO_POS
ཕྱི་	ཕྱི་	OTHER
ཁ་	ཁ་	PRON
ལ་	ལ་	PART
དབང་	དབང་	NOUN
བསྐུར་བ་	བསྐུར་བ་	VERB
། །		PUNCT
གཡའ་	གཡའ་	NOUN
དང་	དང་	NO_POS
གཡོན་	གཡོན་	NOUN
དུ་	ལ་	PART
མེ་	མེ་	NOUN
དང་	དང་	NO_POS
ཆུ་	ཆུ་	NOUN
། །		PUNCT
ཕན་ཚུན་	ཕན་ཚུན་	ADV
ཤེས་རབ་	ཤེས་རབ་	NOUN
ཐབས་	ཐབས་	NOUN
ཡིན་	ཡིན་	NO_POS
ཏེ་	སྟེ་	PART
། །		PUNCT
གུང་མོ་	གུང་མོ་	NO_POS
མཛུབ་མོ་	མཛུབ་མོ་	NOUN
གཉིས་	གཉིས་	NUM
དག་	དག་	DET
གིས་	གིས་	PART
། །		PUNCT
གང་	གང་	NO_POS
ཕྱི་	ཕྱི་	OTHER
རལ་གྲི་	རལ་གྲི་	NOUN
ར་	ལ་	PART
འགྱུར་བ་	འགྱུར་བ་	VERB
འོ་	གོ་	PART
། །		PUNCT
ཟླ་ཕྱེད་	ཟླ་ཕྱེད་	NOUN
རྣམ་པ་	རྣམ་པ་	NOUN
འི་	གི་	PART
ཕྱག་རྒྱ་	ཕྱག་རྒྱ་	NOUN
ནི་	ནི་	NO_POS
། །		PUNCT
མཆེ་བ་	མཆེ་བ་	NOUN
གྲི་གུག་	གྲི་གུག་	NOUN
མཐེ་	མཐེ་	NO_POS
ཆུང་	ཆུང་	VERB
སྟེ་	སྟེ་	PART
། །		PUNCT
སྟོང་པ་	སྟོང་པ་	VERB
མི་	མི་	PART
འགྱུར་	འགྱུར་	VERB
སྟེང་འོག་	སྟེང་འོག་	NOUN
ཏུ་	ལ་	PART
། །		PUNCT
ཕན་ཚུན་	ཕན་ཚུན་	ADV
ཐབས་	ཐབས་	NOUN
དང་	དང་	NO_POS
ཤེས་རབ་བོ་	ཤེས་རབ་བོ་	NOUN
། །		PUNCT
དཀྱིལ་འཁོར་	དཀྱིལ་འཁོར་	NOUN
བཅུ་པོ་	བཅུ་པོ་	NUM
ཡང་དག་	ཡང་དག་	ADJ
སྦྱོར་	སྦྱོར་	VERB
། །		PUNCT
སོར་མོ་	སོར་མོ་	NOUN
རྣམས་	རྣམས་	DET
ནི་	ནི་	NO_POS
ཕན་ཚུན་	ཕན་ཚུན་	ADV
དུ་	ལ་	PART
། །		PUNCT
མགོ་བོ་	མགོ་བོ་	NOUN
ར་	ལ་	PART
ལག་མཐིལ་	ལག་མཐིལ་	NOUN
སྦྱར་བ་	སྦྱར་བ་	VERB
ལ་	ལ་	PART
། །		PUNCT
གྲི་གུག་	གྲི་གུག་	NOUN
དང་	དང་	NO_POS
བཅའ་	བཅའ་	VERB
རྩེ་གཅིག་	རྩེ་གཅིག་	ADJ
གོ་	གོ་	PART
།		PUNCT
དབུ་མ་	དབུ་མ་	PROPN
འི་	གི་	PART
རྩ་	རྩ་	NUM
ལ་	ལ་	PART
མཉམ་པ་	མཉམ་པ་	VERB
དེ་	སྟེ་	PART
། །		PUNCT
སྐྱེད་	སྐྱེད་	VERB
དང་	དང་	NO_POS
སྡུད་པ་	སྡུད་པ་	VERB
འི་	གི་	PART
བྱེད་པ་པོ་	བྱེད་པ་པོ་	NOUN
། །		PUNCT
ཕུང་པོ་	ཕུང་པོ་	NOUN
ཁམས་	ཁམས་	NOUN
དང་	དང་	NO_POS
རྡོ་རྗེ་	རྡོ་རྗེ་	NOUN
གསུམ་	གསུམ་	NUM
། །		PUNCT
གཅིག་ཉིད་	གཅིག་ཉིད་	NO_POS
དབུ་མ་	དབུ་མ་	PROPN
ར་	ལ་	PART
སོན་པ་	སོན་པ་	VERB
ན་	ན་	ADP
འོ་	གོ་	PART
། །		PUNCT
ཟླ་བ་	ཟླ་བ་	NOUN
ཉི་མ་	ཉི་མ་	NOUN
འི་	གི་	PART
རྩ་	རྩ་	NUM
འགག་	འགག་	VERB
ས་	གིས་	PART
ན་	ལ་	PART
། །		PUNCT
བཤང་བ་	བཤང་བ་	NO_POS
གཅི་བ་	གཅི་བ་	VERB
འི་	གི་	PART
རྩ་	རྩ་	NUM
འགག་	འགག་	VERB
གོ་	གོ་	PART
།		PUNCT
སྒྲ་གཅན་	སྒྲ་གཅན་	OTHER
རྩ་	རྩ་	NUM
ནི་	ནི་	NO_POS
འགགས་པ་	འགགས་པ་	VERB
ན་	ལ་	PART
། །		PUNCT
འོག་	འོག་	NOUN
ཏུ་	ལ་	PART
ཁུ་བ་	ཁུ་བ་	NOUN
འབབ་	འབབ་	NO_POS
འགག་	འགག་	VERB
ས་	གིས་	PART
འགྱུར་	འགྱུར་	VERB
། །		PUNCT
སྐྱེད་	སྐྱེད་	VERB
དང་	དང་	NO_POS
སྡུད་པ་	སྡུད་པ་	VERB
འི་	གི་	PART
བྱེད་པ་	བྱེད་པ་	VERB
ཅན་	ཅན་	PART
། །		PUNCT
འདི་	འདི་	DET
རྣམས་	རྣམས་	DET
གྲོལ་	གྲོལ་	VERB
ན་	ལ་	PART
གྲོལ་བ་	གྲོལ་བ་	VERB
ར་	ལ་	PART
འགྱུར་	འགྱུར་	VERB
། །		PUNCT
སྲོལ་	སྲོལ་	NOUN
དང་	དང་	NO_POS
ཐུར་	ཐུར་	NOUN
སེལ་	སེལ་	VERB
ལམ་	གམ་	PART
གསུམ་	གསུམ་	NUM
གྱི་	གི་	PART
། །		PUNCT
འདི་	འདི་	DET
ནི་	ནི་	NO_POS
རྩ་	རྩ་	NUM
ཡི་	གི་	PART
ཀུན་སྤྱོད་	ཀུན་སྤྱོད་	NOUN
དོ་	གོ་	PART
། །		PUNCT
གཡོན་པ་	གཡོན་པ་	ADJ
འམ་	གམ་	PART
ནི་	ནི་	NO_POS
གཡས་པ་	གཡས་པ་	VERB
ལ་	ལ་	PART
། །		PUNCT
མཚན་མོ་	མཚན་མོ་	ADV
གཅིག་	གཅིག་	NUM
དང་	དང་	NO_POS
དེ་བཞིན་	དེ་བཞིན་	OTHER
ལྔ་	ལྔ་	NUM
ར་	ལ་	PART
། །		PUNCT
ལྷག་པ་	ལྷག་པ་	VERB
འི་	གི་	PART
རླུང་	རླུང་	NOUN
ནི་	ནི་	NO_POS
རབ་	རབ་	ADV
འབབ་པ་	འབབ་པ་	VERB
། །		PUNCT
དེ་ལས་	དེ་ལས་	NO_POS
ལོ་	གོ་	PART
གསུམ་	གསུམ་	NUM
ན་	ལ་	PART
འཆི་	འཆི་	VERB
འོ་	གོ་	PART
། །		PUNCT
གཡས་པ་	གཡས་པ་	VERB
ཉི་མ་	ཉི་མ་	NOUN
འི་	གི་	PART
འཆི་ལྟས་	འཆི་ལྟས་	NOUN
ལ་	ལ་	PART
། །		PUNCT
ལྔ་	ལྔ་	NUM
དང་	དང་	NO_POS
ཕྱོགས་ཆོས་	ཕྱོགས་ཆོས་	NOUN
ཉི་ཤུ་	ཉི་ཤུ་	NUM
དང་	དང་	NO_POS
། །		PUNCT
དེ་ཉིད་	དེ་ཉིད་	NOUN
གཅིག་	གཅིག་	NUM
ལྷག་	ལྷག་	NOUN
གཞན་	གཞན་	DET
རིམ་པ་	རིམ་པ་	NOUN
ས་	གིས་	PART
། །		PUNCT
ཉིན་ཞག་	ཉིན་ཞག་	NOUN
སུམ་ཅུ་	སུམ་ཅུ་	OTHER
གསུམ་	གསུམ་	NUM
རྒྱུ་	རྒྱུ་	NOUN
ན་	ལ་	PART
། །		PUNCT
གསུམ་	གསུམ་	NUM
གཉིས་	གཉིས་	NUM
གཅིག་	གཅིག་	NUM
ལོ་ཟླ་བ་	ལོ་ཟླ་བ་	OTHER
ནི་	ནི་	NO_POS
། །		PUNCT
དྲུག་	དྲུག་	NUM
གསུམ་	གསུམ་	NUM
ཟུང་	ཟུང་	VERB
ཟླ་	ཟླ་	NOUN
ཉིན་ཞག་	ཉིན་ཞག་	NOUN
ཚེ་	ཚེ་	NOUN
། །		PUNCT
ཕྱོགས་	ཕྱོགས་	NOUN
ལྔ་	ལྔ་	NUM
ཡོན་ཏན་	ཡོན་ཏན་	NOUN
གཉིས་	གཉིས་	NUM
གཅིག་	གཅིག་	NUM
གིས་	གིས་	PART
། །		PUNCT
ལུས་ཅན་	ལུས་ཅན་	NOUN
རྣམས་	རྣམས་	DET
ཀྱི་	གི་	PART
ཚེ་འགྲོ་	ཚེ་འགྲོ་	NO_POS
འོ་	གོ་	PART
། །		PUNCT
རྩ་བ་	རྩ་བ་	NOUN
ན་	ནས་	PART
གཅིག་	གཅིག་	NUM
ལྷག་པ་	ལྷག་པ་	VERB
ཡི་	གིས་	PART
། །		PUNCT
གཡོན་པ་	གཡོན་པ་	ADJ
ར་	ལ་	PART
ཟླ་བ་	ཟླ་བ་	NOUN
འི་	གི་	PART
རྒྱུ་བ་	རྒྱུ་བ་	VERB
ར་	ལ་	PART
འགྱུར་	འགྱུར་	VERB
། །		PUNCT
ཉི་ཟླ་	ཉི་ཟླ་	NOUN
ཉིན་ཞག་	ཉིན་ཞག་	NOUN
ཟླ་བ་	ཟླ་བ་	NOUN
དག་	དག་	DET
།		PUNCT
ཉིན་ཞག་	ཉིན་ཞག་	NOUN
གསུམ་	གསུམ་	NUM
རྣམས་	རྣམས་	DET
ཟླ་བ་	ཟླ་བ་	NOUN
གསུམ་	གསུམ་	NUM
། །		PUNCT
ཉིན་	ཉིན་	NOUN
ལ་	ལ་	PART
འཆི་ལྟས་	འཆི་ལྟས་	NOUN
ཟླ་བ་	ཟླ་བ་	NOUN
ར་	ལ་	PART
དགེ་	དགེ་	NOUN
།		PUNCT
འཕེལ་འགྲིབ་	འཕེལ་འགྲིབ་	NO_POS
དེ་ནས་	དེ་ནས་	NO_POS
འདི་དག་	འདི་དག་	NO_POS
ལ་	ལ་	PART
། །		PUNCT
དབུ་མ་	དབུ་མ་	PROPN
འི་	གི་	PART
འཆི་བ་	འཆི་བ་	VERB
འི་	གི་	PART
རྒྱུ་བ་	རྒྱུ་བ་	VERB
ནི་	ནི་	NO_POS
། །		PUNCT
ལོ་	གོ་	PART
བརྒྱ་	བརྒྱ་	NUM
ཡོངས་སུ་	ཡོངས་སུ་	NO_POS
རྫོགས་པ་	རྫོགས་པ་	VERB
ཡི་	གིས་	PART
། །		PUNCT
མཉམ་	མཉམ་	VERB
དང་	དང་	NO_POS
མི་	མི་	PART
མཉམ་	མཉམ་	VERB
ཉིན་ཞག་	ཉིན་ཞག་	NOUN
རྣམས་	རྣམས་	DET
། །		PUNCT
སྐྱེ་བ་	སྐྱེ་བ་	VERB
ར་	ལ་	PART
སྐྱེས་པ་	སྐྱེས་པ་	VERB
འི་	གི་	PART
དཀྱིལ་འཁོར་	དཀྱིལ་འཁོར་	NOUN
གྱིས་	གིས་	PART
"།

།"		PUNCT
དེ་	སྟེ་	PART
རྒྱུ་	རྒྱུ་	NOUN
གཡའ་	གཡའ་	NOUN
དང་	དང་	NO_POS
གཡོན་	གཡོན་	NOUN
ལ་	ལ་	PART
ཡང་	ཀྱང་	PART
། །		PUNCT
ཕྱོགས་	ཕྱོགས་	NOUN
གཉིས་	གཉིས་	NUM
རྣམ་པ་	རྣམ་པ་	NOUN
ར་	ལ་	PART
ཉམས་པ་	ཉམས་པ་	VERB
ལ་	ལ་	ADP
ས་	གིས་	PART
། །		PUNCT
གཞན་	གཞན་	DET
དུ་	ལ་	PART
འཆི་བ་	འཆི་བ་	VERB
ར་	ལ་	PART
མི་	མི་	PART
འགྱུར་	འགྱུར་	VERB
ཏེ་	སྟེ་	PART
། །		PUNCT
ཕྱོགས་	ཕྱོགས་	NOUN
གཉིས་	གཉིས་	NUM
ཡང་དག་	ཡང་དག་	ADJ
གནས་པ་	གནས་པ་	VERB
ན་	ལ་	PART
། །		PUNCT
གཡའ་	གཡའ་	NOUN
དང་	དང་	NO_POS
གཡོན་པ་	གཡོན་པ་	ADJ
འི་	གི་	PART
ཀུན་སྤྱོད་	ཀུན་སྤྱོད་	NOUN
དང་	དང་	NO_POS
། །		PUNCT
དཀྱིལ་འཁོར་	དཀྱིལ་འཁོར་	NOUN
ལྔ་	ལྔ་	NUM
རྣམས་	རྣམས་	DET
འབབ་པ་	འབབ་པ་	VERB
འི་	གི་	PART
ཕྱི་	ཕྱི་	OTHER
། །		PUNCT
འཆི་ལྟས་	འཆི་ལྟས་	NOUN
མཚན་ཉིད་	མཚན་ཉིད་	NOUN
ཤེ་	ཤེ་	VERB
ན་	ནས་	PART
ནི་	ནི་	NO_POS
། །		PUNCT
སྲོག་	སྲོག་	NOUN
ནི་	ནི་	NO_POS
ཐིག་ལེ་	ཐིག་ལེ་	NOUN
ར་	ལ་	PART
གཞུག་པ་	གཞུག་པ་	VERB
ར་	ལ་	PART
བྱ་	བྱ་	VERB
། །		PUNCT
ཨ་བ་	ཨ་བ་	NO_POS
དྷཱུ་		NON_WORD
ཏཱིའི་		NON_WORD
ཞབས་	ཞབས་	NOUN
བརྟེན་	བརྟེན་	VERB
ན་	ནས་	PART
། །		PUNCT
མཆོག་	མཆོག་	ADJ
ཏུ་	ལ་	PART
མི་	མི་	PART
འགྱུར་	འགྱུར་	VERB
བསྒོམ་པ་	བསྒོམ་པ་	VERB
ར་	ལ་	PART
བྱ་	བྱ་	VERB
། །		PUNCT
རྟག་	རྟག་	VERB
ཏུ་	ལ་	PART
རྡོ་རྗེ་	རྡོ་རྗེ་	NOUN
བསླང་བ་	བསླང་བ་	VERB
ར་	ལ་	PART
བྱ་	བྱ་	VERB
། །		PUNCT
ཟླ་	ཟླ་	NOUN
ཉི་	ཉི་	NUM
འི་	གི་	PART
བགྲོད་པ་	བགྲོད་པ་	VERB
འཇོམས་པ་	འཇོམས་པ་	VERB
ལ་	ལ་	ADP
ས་	གིས་	PART
། །		PUNCT
གཞན་	གཞན་	DET
དུ་	ལ་	PART
ཀུན་	ཀུན་	DET
འད་	འདའ་	VERB
ར་	ལ་	PART
ཡན་ལག་	ཡན་ལག་	NOUN
ལ་	ལ་	PART
། །		PUNCT
སྲོག་	སྲོག་	NOUN
གི་	གི་	PART
རླུང་	རླུང་	NOUN
ནི་	ནི་	NO_POS
འཇུག་པ་	འཇུག་པ་	VERB
མེད་	མེད་	VERB
། །		PUNCT
འོག་	འོག་	NOUN
ཏུའང་		NON_WORD
དུང་	དུང་	NOUN
ཅན་	ཅན་	PART
མ་	མ་	PART
ཐུར་	ཐུར་	NOUN
སེལ་	སེལ་	VERB
། །		PUNCT
དེ་	སྟེ་	PART
མ་	མ་	PART
ཞུགས་	ཞུགས་	VERB
ལ་	ལ་	ADP
ས་	གིས་	PART
འཆི་བ་	འཆི་བ་	VERB
འོ་	གོ་	PART
། །		PUNCT
འཆི་ལྟས་	འཆི་ལྟས་	NOUN
བསླུ་བ་	བསླུ་བ་	VERB
རྣལ་འབྱོར་པ་	རྣལ་འབྱོར་པ་	NOUN
འི་	གི་	PART
། །		PUNCT
འདི་	འདི་	DET
ནི་	ནི་	NO_POS
དགའ་བ་	དགའ་བ་	VERB
རྣམས་	རྣམས་	DET
ཀྱིས་	གིས་	PART
འགྱུར་	འགྱུར་	VERB
། །		PUNCT
མགོ་བོ་	མགོ་བོ་	NOUN
འི་	གི་	PART
པདྨ་	པདྨ་	NOUN
གཙུག་ཏོར་	གཙུག་ཏོར་	PROPN
ལ་	ལ་	ADP
ས་	གིས་	PART
། །		PUNCT
ཁུ་བ་	ཁུ་བ་	NOUN
འོངས་པ་	འོངས་པ་	VERB
དགའ་བ་	དགའ་བ་	VERB
སྟེ་	སྟེ་	PART
། །		PUNCT
མགྲིན་པ་	མགྲིན་པ་	NOUN
སྙིང་ཁ་	སྙིང་ཁ་	NOUN
ར་	ལ་	PART
མཆོག་དགའ་	མཆོག་དགའ་	NO_POS
འོ་	གོ་	PART
། །		PUNCT
དགའ་	དགའ་	VERB
བྲལ་	བྲལ་	VERB
དགའ་བ་	དགའ་བ་	VERB
དེ་ནས་	དེ་ནས་	NO_POS
འགྱུར་	འགྱུར་	VERB
། །		PUNCT
སྣ་ཚོགས་	སྣ་ཚོགས་	DET
དགའ་བ་	དགའ་བ་	VERB
ལྟེ་བ་	ལྟེ་བ་	NOUN
དང་	དང་	NO_POS
། །		PUNCT
གསང་བ་	གསང་བ་	VERB
འི་	གི་	PART
པདྨ་	པདྨ་	NOUN
ར་	ལ་	PART
གང་	གང་	NO_POS
འོངས་པ་	འོངས་པ་	VERB
འོ་	གོ་	PART
། །		PUNCT
གསང་གནས་	གསང་གནས་	NO_POS
རྡོ་རྗེ་	རྡོ་རྗེ་	NOUN
ནོར་བུ་	ནོར་བུ་	NOUN
འི་	གི་	PART
བ་	བ་	NOUN
། །		PUNCT
ལྷན་ཅིག་	ལྷན་ཅིག་	OTHER
སྐྱེ་	སྐྱེ་	VERB
དགའ་	དགའ་	VERB
མི་	མི་	PART
འཕོ་བ་	འཕོ་བ་	VERB
། །		PUNCT
རབ་གནས་	རབ་གནས་	NOUN
མྱ་ངན་	མྱ་ངན་	NOUN
འདས་པ་	འདས་པ་	VERB
མིན་	མིན་	AUX
། །		PUNCT
ཆགས་	ཆགས་	VERB
ཆེན་	ཆེན་	NO_POS
མི་	མི་	PART
འགྱུར་	འགྱུར་	VERB
ཁྱབ་བདག་པོ་	ཁྱབ་བདག་པོ་	OTHER
། །		PUNCT
འདོད་ཆགས་	འདོད་ཆགས་	NOUN
བྲལ་	བྲལ་	VERB
ལ་	ལ་	ADP
ས་	གིས་	PART
འཕོ་	འཕོ་	VERB
མེད་	མེད་	VERB
བདེ་	བདེ་	VERB
། །		PUNCT
དེ་	སྟེ་	PART
ནི་	ནི་	NO_POS
མྱ་ངན་	མྱ་ངན་	NOUN
འདའ་	འདའ་	VERB
རབ་གནས་	རབ་གནས་	NOUN
། །		PUNCT
ཁུ་བ་	ཁུ་བ་	NOUN
ཟླ་	ཟླ་	NOUN
ཆ་	ཆ་	NOUN
ར་	ལ་	PART
གཙུག་ཏོར་	གཙུག་ཏོར་	PROPN
དུ་	ལ་	PART
། །		PUNCT
རྫོགས་པ་	རྫོགས་པ་	VERB
གསང་བ་	གསང་བ་	VERB
འི་	གི་	PART
མཚོ་སྐྱེས་	མཚོ་སྐྱེས་	OTHER
ལ་	ལ་	PART
། །		PUNCT
བཅུ་དྲུག་	བཅུ་དྲུག་	NO_POS
ཆ་	ཆ་	NOUN
གང་དེ་	གང་དེ་	NO_POS
ནོར་བུ་	ནོར་བུ་	NOUN
འི་	གི་	PART
། །		PUNCT
པདྨ་	པདྨ་	NOUN
ར་	ལ་	PART
རྡོ་རྗེ་	རྡོ་རྗེ་	NOUN
འི་	གི་	PART
རྩེ་མོ་	རྩེ་མོ་	NOUN
ར་	ལ་	PART
གནས་	གནས་	NOUN
། །		PUNCT
དེ་	སྟེ་	PART
སྟེང་	སྟེང་	NOUN
འཕོ་བ་	འཕོ་བ་	VERB
འི་	གི་	PART
དུས་	དུས་	NOUN
སུ་	ལ་	PART
གྱུར་	གྱུར་	VERB
། །		PUNCT
ནག་པོ་	ནག་པོ་	ADJ
འི་	གི་	PART
ཚེ་	ཚེ་	NOUN
གཅིག་	གཅིག་	NUM
འོངས་པ་	འོངས་པ་	VERB
ན་	ལ་	PART
། །		PUNCT
འདོད་ཆགས་	འདོད་ཆགས་	NOUN
བྲལ་བ་	བྲལ་བ་	VERB
ས་	གིས་	PART
གནམ་སྟོང་	གནམ་སྟོང་	NOUN
ལ་	ལ་	PART
། །		PUNCT
ཉི་མ་	ཉི་མ་	NOUN
མཛོད་སྤུ་	མཛོད་སྤུ་	NO_POS
འི་	གི་	PART
གནས་	གནས་	NOUN
སུ་	ལ་	PART
འགྲོ་	འགྲོ་	VERB
། །		PUNCT
དེ་	སྟེ་	PART
ཡི་	གི་	PART
ཆ་ཤས་	ཆ་ཤས་	NOUN
བཅུ་དྲུག་	བཅུ་དྲུག་	NO_POS
ལ་	ལ་	PART
། །		PUNCT
གཙུག་ཏོར་	གཙུག་ཏོར་	PROPN
པདྨ་	པདྨ་	NOUN
ར་	ལ་	PART
སོན་པ་	སོན་པ་	VERB
འོ་	གོ་	PART
། །		PUNCT
ཟླ་བ་	ཟླ་བ་	NOUN
ཉམས་པ་	ཉམས་པ་	VERB
ཞེ་	ཅེས་	PART
བརྗོད་	བརྗོད་	VERB
དེ་	སྟེ་	PART
། །		PUNCT
ཆགས་པ་	ཆགས་པ་	VERB
འི་	གི་	PART
བདེ་	བདེ་	VERB
ལ་	ལ་	PART
ཆགས་བྲལ་	ཆགས་བྲལ་	NOUN
ཕྱི་	ཕྱི་	OTHER
། །		PUNCT
ལུས་ཅན་	ལུས་ཅན་	NOUN
ཐམས་ཅད་	ཐམས་ཅད་	DET
འཆི་བ་	འཆི་བ་	VERB
ན་	ལ་	PART
། །		PUNCT
ཟླ་བ་	ཟླ་བ་	NOUN
བདུད་རྩི་	བདུད་རྩི་	NOUN
འི་	གི་	PART
འོག་	འོག་	NOUN
ཏུ་	ལ་	PART
འགྲོ་	འགྲོ་	VERB
། །		PUNCT
སྟེང་	སྟེང་	NOUN
དུ་	ལ་	PART
ཉི་མ་	ཉི་མ་	NOUN
རྡུལ་	རྡུལ་	NOUN
སྒྲ་གཅན་	སྒྲ་གཅན་	OTHER
། །		PUNCT
རྣམ་ཤེས་	རྣམ་ཤེས་	NOUN
དངོས་པོ་	དངོས་པོ་	NOUN
འི་	གི་	PART
མཚན་ཉིད་	མཚན་ཉིད་	NOUN
ལ་	ལ་	PART
། །		PUNCT
དེ་ཕྱིར་	དེ་ཕྱིར་	NO_POS
ཟླ་བ་	ཟླ་བ་	NOUN
བདུད་རྩི་	བདུད་རྩི་	NOUN
ནི་	ནི་	NO_POS
། །		PUNCT
སྟེང་	སྟེང་	NOUN
དུ་	ལ་	PART
བགྲོད་བྱ་	བགྲོད་བྱ་	NO_POS
མི་	མི་	PART
ཡི་	གི་	PART
བདག་	བདག་	PRON
།		PUNCT
འོག་	འོག་	NOUN
ཏུ་	ལ་	PART
ཉི་མ་	ཉི་མ་	NOUN
རྡུལ་	རྡུལ་	NOUN
སྒྲ་གཅན་	སྒྲ་གཅན་	OTHER
། །		PUNCT
རྣམ་ཤེས་	རྣམ་ཤེས་	NOUN
འགྱུར་མེད་	འགྱུར་མེད་	NOUN
བདེ་བ་	བདེ་བ་	VERB
ལ་	ལ་	PART
། །		PUNCT
སངས་རྒྱས་	སངས་རྒྱས་	NOUN
ཀུན་	ཀུན་	DET
གྱི་	གི་	PART
མཛོད་སྤུ་	མཛོད་སྤུ་	NO_POS
ཡི་	གི་	PART
"།

།"		PUNCT
པདྨ་	པདྨ་	NOUN
ར་	ལ་	PART
ཟླ་བ་	ཟླ་བ་	NOUN
བདུད་རྩི་	བདུད་རྩི་	NOUN
ཉ་	ཉ་	NOUN
། །		PUNCT
ཉི་རྡུལ་	ཉི་རྡུལ་	NO_POS
གནམ་སྟོང་	གནམ་སྟོང་	NOUN
གསང་བ་	གསང་བ་	VERB
ར་	ལ་	PART
ཏེ་	སྟེ་	PART
། །		PUNCT
གཙུག་ཏོར་	གཙུག་ཏོར་	PROPN
ནོར་བུ་	ནོར་བུ་	NOUN
དེ་དག་	དེ་དག་	OTHER
གོ་	གོ་	PART
།		PUNCT
ཞེས་་	ཞེས་པ་	PART
སྟོན་པ་	སྟོན་པ་	NOUN
འི་	གི་	PART
རྡོ་རྗེ་	རྡོ་རྗེ་	NOUN
འི་	གི་	PART
ཚིག་	ཚིག་	NOUN
།		PUNCT
ལུས་ཅན་	ལུས་ཅན་	NOUN
ཀུན་	ཀུན་	DET
གྱི་	གི་	PART
ཕྱི་	ཕྱི་	OTHER
ཅི་	ཅི་	NO_POS
ལོག་	ལོག་	VERB
།		PUNCT
རབ་གནས་	རབ་གནས་	NOUN
མྱ་ངན་	མྱ་ངན་	NOUN
འདས་པ་	འདས་པ་	VERB
མིན་	མིན་	AUX
། །		PUNCT
ཁམས་	ཁམས་	NOUN
རྣམས་	རྣམས་	DET
ཕྱིན་	ཕྱིན་	VERB
ཅི་	ཅི་	NO_POS
ལོག་	ལོག་	VERB
ཏུ་	ལ་	PART
འགྱུར་	འགྱུར་	VERB
། །		PUNCT
ནོར་བུ་	ནོར་བུ་	NOUN
ར་	ལ་	PART
ཐུགས་	ཐུགས་	NOUN
དང་	དང་	NO_POS
གསང་བ་	གསང་བ་	VERB
ར་	ལ་	PART
གསུང་	གསུང་	VERB
། །		PUNCT
ལྟེ་བ་	ལྟེ་བ་	NOUN
ར་	ལ་	PART
སྐུ་	སྐུ་	NOUN
སྟེ་	སྟེ་	PART
བདེ་ཆེན་	བདེ་ཆེན་	NOUN
ལ་	ལ་	ADP
ས་	གིས་	PART
། །		PUNCT
ཆོ་	ཆོ་	NOUN
དང་	དང་	NO_POS
ལོངས་སྤྱོད་	ལོངས་སྤྱོད་	NOUN
རྫོགས་	རྫོགས་	VERB
སྤྲུལ་པ་	སྤྲུལ་པ་	VERB
། །		PUNCT
འདི་	འདི་	DET
རྣམས་	རྣམས་	DET
དག་པ་	དག་པ་	VERB
འི་	གི་	PART
སྐུ་	སྐུ་	NOUN
ལ་	ལ་	ADP
ས་	གིས་	PART
སྤྲོ་	སྤྲོ་	NO_POS
། །		PUNCT
ཐབས་	ཐབས་	NOUN
ཀྱི་	གི་	PART
འོག་	འོག་	NOUN
ཏུ་	ལ་	PART
རྒྱལ་པོ་	རྒྱལ་པོ་	NOUN
འི་	གི་	PART
དབང་	དབང་	NOUN
། །		PUNCT
ཤེས་རབ་	ཤེས་རབ་	NOUN
ཀྱི་	གི་	PART
ནི་	ནི་	NO_POS
སྟེང་	སྟེང་	NOUN
དུ་	ལ་	PART
འགྱུར་	འགྱུར་	VERB
། །		PUNCT
འདི་	འདི་	DET
ཡི་	གི་	PART
དཔྲལ་བ་	དཔྲལ་བ་	NOUN
ར་	ལ་	PART
སྐུ་རྡོ་རྗེ་	སྐུ་རྡོ་རྗེ་	NO_POS
། །		PUNCT
མགྲིན་	མགྲིན་	NOUN
སྙིང་	སྙིང་	NOUN
ལྟེ་བ་	ལྟེ་བ་	NOUN
འི་	གི་	PART
འདམ་སྐྱེས་	འདམ་སྐྱེས་	NO_POS
ལ་	ལ་	PART
། །		PUNCT
གསུང་	གསུང་	VERB
ཐུགས་	ཐུགས་	NOUN
ཡེ་ཤེས་	ཡེ་ཤེས་	NOUN
རྡོ་རྗེ་	རྡོ་རྗེ་	NOUN
རྣམས་	རྣམས་	DET
། །		PUNCT
སྤྲུལ་པ་	སྤྲུལ་པ་	VERB
ལ་སོགས་	ལ་སོགས་	NO_POS
འདི་	འདི་	DET
རྣམས་	རྣམས་	DET
སྤྲོ་	སྤྲོ་	NO_POS
། །		PUNCT
ཕུང་པོ་	ཕུང་པོ་	NOUN
ཁམས་	ཁམས་	NOUN
རྣམས་	རྣམས་	DET
སྤྲོ་བ་	སྤྲོ་བ་	VERB
ནི་	ནི་	NO_POS
། །		PUNCT
སྒྲིབ་པ་	སྒྲིབ་པ་	VERB
མེད་པ་	མེད་པ་	VERB
འི་	གི་	PART
བདེ་བ་	བདེ་བ་	VERB
ལ་	ལ་	ADP
ས་	གིས་	PART
། །		PUNCT
ལ་	ལ་	ADP
ས་	གིས་	PART
ཀྱི་	གི་	PART
ཕྱག་རྒྱ་	ཕྱག་རྒྱ་	NOUN
འི་	གི་	PART
སྙོམས་འཇུག་	སྙོམས་འཇུག་	NO_POS
དང་	དང་	NO_POS
། །		PUNCT
ཡེ་ཤེས་	ཡེ་ཤེས་	NOUN
ཕྱག་རྒྱ་	ཕྱག་རྒྱ་	NOUN
འི་	གི་	PART
དམིགས་པ་	དམིགས་པ་	VERB
དང་	དང་	NO_POS
། །		PUNCT
ཕྱག་རྒྱ་	ཕྱག་རྒྱ་	NOUN
ཆེན་པོ་	ཆེན་པོ་	ADJ
གཅིག་	གཅིག་	NUM
སྦྱོར་བ་	སྦྱོར་བ་	VERB
ས་	གིས་	PART
། །		PUNCT
མི་འགྱུར་བ་	མི་འགྱུར་བ་	NO_POS
དེ་	སྟེ་	PART
འཕེལ་བ་	འཕེལ་བ་	VERB
ར་	ལ་	PART
འགྱུར་	འགྱུར་	VERB
། །		PUNCT
འཕེལ་བ་	འཕེལ་བ་	VERB
འི་	གི་	PART
འཕེལ་བ་	འཕེལ་བ་	VERB
ར་	ལ་	PART
འགྱུར་བ་	འགྱུར་བ་	VERB
མེད་	མེད་	VERB
། །		PUNCT
ཉམས་པ་	ཉམས་པ་	VERB
འི་	གི་	PART
ཉམས་པ་	ཉམས་པ་	VERB
ཉིད་	ཉིད་	DET
ཀྱང་	ཀྱང་	PART
མེད་	མེད་	VERB
། །		PUNCT
ནུབ་པ་	ནུབ་པ་	VERB
དེ་	སྟེ་	PART
ཡི་	གི་	PART
ནུབ་པ་	ནུབ་པ་	VERB
མེད་	མེད་	VERB
། །		PUNCT
འཆར་བ་	འཆར་བ་	VERB
ཡི་	གི་	PART
ནི་	ནི་	NO_POS
འཆར་བ་	འཆར་བ་	VERB
མེད་	མེད་	VERB
། །		PUNCT
རབ་ཏུ་	རབ་ཏུ་	NO_POS
གསལ་བ་	གསལ་བ་	VERB
འི་	གི་	PART
རབ་གསལ་	རབ་གསལ་	PROPN
མེད་	མེད་	VERB
། །		PUNCT
བཀབ་པ་	བཀབ་པ་	VERB
འི་	གི་	PART
བཀབ་པ་	བཀབ་པ་	VERB
ཡང་	ཀྱང་	PART
མེད་	མེད་	VERB
དོ་	གོ་	PART
། །		PUNCT
སྐྱེ་བ་	སྐྱེ་བ་	VERB
འི་	གི་	PART
སྐྱེ་བ་	སྐྱེ་བ་	VERB
ར་	ལ་	PART
འགྱུར་	འགྱུར་	VERB
ཉིད་	ཉིད་	DET
མེད་	མེད་	VERB
། །		PUNCT
འཆི་བ་	འཆི་བ་	VERB
འི་	གི་	PART
འཆི་བ་	འཆི་བ་	VERB
ར་	ལ་	PART
ཡང་	ཀྱང་	PART
མེད་	མེད་	VERB
དོ་	གོ་	PART
། །		PUNCT
གྲོལ་བ་	གྲོལ་བ་	VERB
འི་	གི་	PART
གྲོལ་བ་	གྲོལ་བ་	VERB
ར་	ལ་	PART
འགྱུར་བ་	འགྱུར་བ་	VERB
འང་	ཀྱང་	PART
མེད་	མེད་	VERB
། །		PUNCT
མི་	མི་	PART
གནས་པ་	གནས་པ་	VERB
ཡི་	གི་	PART
མི་	མི་	PART
གནས་	གནས་	NOUN
མེད་	མེད་	VERB
། །		PUNCT
དངོས་པོ་	དངོས་པོ་	NOUN
མེད་པ་	མེད་པ་	VERB
འི་	གི་	PART
དངོས་མེད་	དངོས་མེད་	NOUN
མེད་	མེད་	VERB
། །		PUNCT
དངོས་པོ་	དངོས་པོ་	NOUN
དངོས་པོ་	དངོས་པོ་	NOUN
ཉིད་	ཉིད་	DET
ཀྱང་	ཀྱང་	PART
མེད་	མེད་	VERB
། །		PUNCT
འགྱུར་བ་	འགྱུར་བ་	VERB
འི་	གི་	PART
འགྱུར་བ་	འགྱུར་བ་	VERB
ར་	ལ་	PART
འགྱུར་བ་	འགྱུར་བ་	VERB
འང་	ཀྱང་	PART
མེད་	མེད་	VERB
། །		PUNCT
མི་འགྱུར་བ་	མི་འགྱུར་བ་	NO_POS
འི་	གི་	PART
ཡང་	ཀྱང་	PART
མི་	མི་	PART
འགྱུར་མེད་	འགྱུར་མེད་	NOUN
། །		PUNCT
རང་བཞིན་	རང་བཞིན་	NOUN
མེད་པ་	མེད་པ་	VERB
འི་	གི་	PART
ཆོ་	ཆོ་	NOUN
རྣམས་	རྣམས་	DET
ཀྱི་	གི་	PART
། །		PUNCT
སྐྱེ་	སྐྱེ་	NOUN
འཇིག་	འཇིག་	VERB
སྒྱུ་མ་	སྒྱུ་མ་	NOUN
དེ་བཞིན་	དེ་བཞིན་	OTHER
ནོ་	གོ་	PART
། །		PUNCT
འབྱུང་	འབྱུང་	VERB
རྣམས་	རྣམས་	DET
འཇིགས་པ་	འཇིགས་པ་	VERB
ར་	ལ་	PART
འགྱུར་	འགྱུར་	VERB
མིན་	མིན་	AUX
ཏེ་	སྟེ་	PART
། །		PUNCT
རང་བཞིན་	རང་བཞིན་	NOUN
ཉིད་	ཉིད་	DET
ཀྱིས་	གིས་	PART
སྐྱེ་	སྐྱེ་	NOUN
མི་	མི་	PART
འགྱུར་	འགྱུར་	VERB
། །		PUNCT
སྣ་ཚོགས་	སྣ་ཚོགས་	DET
འདི་	འདི་	DET
ནི་	ནི་	NO_POS
རང་བཞིན་	རང་བཞིན་	NOUN
མེད་	མེད་	VERB
། །		PUNCT
དངོས་པོ་	དངོས་པོ་	NOUN
དངོས་མེད་	དངོས་མེད་	NOUN
མཚན་ཉིད་	མཚན་ཉིད་	NOUN
གཅིག་	གཅིག་	NUM
།		PUNCT
རང་	རང་	PRON
གི་	གི་	PART
ཤེས་རབ་	ཤེས་རབ་	NOUN
ལ་	ལ་	PART
འཁྱུད་	འཁྱུད་	NO_POS
སེམས་	སེམས་	NOUN
། །		PUNCT
རྡོ་རྗེ་	རྡོ་རྗེ་	NOUN
ནོར་བུ་	ནོར་བུ་	NOUN
འི་	གི་	PART
པདྨ་	པདྨ་	NOUN
ར་	ལ་	PART
སོན་	སོན་	VERB
། །		PUNCT
དེ་	དེ་	DET
ར་	ལ་	PART
སོན་	སོན་	VERB
ཟླ་བ་	ཟླ་བ་	NOUN
གཡོ་བ་	གཡོ་བ་	VERB
དང་	དང་	NO_POS
། །		PUNCT
མི་གཡོ་བ་	མི་གཡོ་བ་	NO_POS
དང་	དང་	NO_POS
མི་	མི་	PART
འགྱུར་	འགྱུར་	VERB
བསྒོམ་	བསྒོམ་	VERB
། །		PUNCT
ལུས་ངག་	ལུས་ངག་	NOUN
སེམས་	སེམས་	NOUN
ཀྱི་	གི་	PART
རྩ་	རྩ་	NUM
རྣམས་	རྣམས་	DET
སུ་	ལ་	PART
། །		PUNCT
སྐུ་གསུམ་	སྐུ་གསུམ་	OTHER
ཐུགས་	ཐུགས་	NOUN
རྣམས་	རྣམས་	DET
བསྒོམ་པ་	བསྒོམ་པ་	VERB
སྟེ་	སྟེ་	PART
"།

།"		PUNCT
རྡོ་རྗེ་	རྡོ་རྗེ་	NOUN
གསུམ་	གསུམ་	NUM
རྣམས་	རྣམས་	DET
ལེགས་	ལེགས་	VERB
བསྡུས་པ་	བསྡུས་པ་	VERB
། །		PUNCT
ཡེ་ཤེས་	ཡེ་ཤེས་	NOUN
དུང་	དུང་	NOUN
ཅན་	ཅན་	PART
མ་	མ་	NOUN
བསྒོམ་པ་	བསྒོམ་པ་	VERB
འོ་	གོ་	PART
། །		PUNCT
ཤེས་རབ་	ཤེས་རབ་	NOUN
ཆགས་པ་	ཆགས་པ་	VERB
ས་	གིས་	PART
ཞུ་བ་	ཞུ་བ་	VERB
ཡི་	གི་	PART
། །		PUNCT
ཐིག་ལེ་	ཐིག་ལེ་	NOUN
རིམ་པ་	རིམ་པ་	NOUN
ས་	གིས་	PART
མགོ་བོ་	མགོ་བོ་	NOUN
ལ་	ལ་	ADP
ས་	གིས་	PART
། །		PUNCT
རྫོགས་པ་	རྫོགས་པ་	VERB
འི་	གི་	PART
གནས་	གནས་	NOUN
སུ་	ལ་	PART
ཞུགས་	ཞུགས་	VERB
རྣམས་	རྣམས་	DET
ཀྱང་	ཀྱང་	PART
། །		PUNCT
འཆིང་བ་	འཆིང་བ་	VERB
དམ་པ་	དམ་པ་	VERB
འི་	གི་	PART
དོན་	དོན་	NOUN
གྱིས་	གིས་	PART
སོ་	གོ་	PART
། །		PUNCT
ཇི་ལྟ་		
ཟླ་	ཟླ་	NOUN
ཤ་	ཤ་	VERB
རིམ་པ་	རིམ་པ་	NOUN
ཡི་	གིས་	PART
། །		PUNCT
ཆ་	ཆ་	NOUN
རྣམས་	རྣམས་	DET
ཀྱིས་	གིས་	PART
ནི་	ནི་	NO_POS
རྫོགས་པ་	རྫོགས་པ་	VERB
ར་	ལ་	PART
འགྱུར་	འགྱུར་	VERB
། །		PUNCT
གྲིབ་མ་	གྲིབ་མ་	NOUN
ཉམས་པ་	ཉམས་པ་	VERB
རྫོགས་པ་	རྫོགས་པ་	VERB
སྟེ་	སྟེ་	PART
། །		PUNCT
ཟླ་བ་	ཟླ་བ་	NOUN
ཆད་	ཆད་	VERB
དང་	དང་	NO_POS
རྫོགས་པ་	རྫོགས་པ་	VERB
མིན་	མིན་	AUX
། །		PUNCT
དེ་བཞིན་	དེ་བཞིན་	OTHER
ཡེ་ཤེས་	ཡེ་ཤེས་	NOUN
ཤ་	ཤ་	VERB
རིམ་པ་	རིམ་པ་	NOUN
ས་	གིས་	PART
། །		PUNCT
ས་	ས་	ADP
རྣམས་	རྣམས་	DET
ཀྱིས་	གིས་	PART
ནི་	ནི་	NO_POS
རྫོགས་པ་	རྫོགས་པ་	VERB
ར་	ལ་	PART
འགྱུར་	འགྱུར་	VERB
། །		PUNCT
ཉོན་མོངས་	ཉོན་མོངས་	NOUN
ལ་སོགས་	ལ་སོགས་	NO_POS
ཉམས་པ་	ཉམས་པ་	VERB
རྫོགས་	རྫོགས་	VERB
། །		PUNCT
ཡེ་ཤེས་	ཡེ་ཤེས་	NOUN
ཆད་	ཆད་	VERB
དང་	དང་	NO_POS
རྫོགས་པ་	རྫོགས་པ་	VERB
མིན་	མིན་	AUX
། །		PUNCT
ཇི་ལྟ་		
རི་བོང་	རི་བོང་	NOUN
མཚན་མ་	མཚན་མ་	NOUN
ས་	གིས་	PART
དབུ་	དབུ་	NOUN
། །		PUNCT
རྫོགས་པ་	རྫོགས་པ་	VERB
ར་	ལ་	PART
རི་བོང་	རི་བོང་	NOUN
ཅན་	ཅན་	PART
མི་	མི་	PART
གནས་	གནས་	NOUN
། །		PUNCT
དེ་བཞིན་	དེ་བཞིན་	OTHER
འགྱུར་མེད་	འགྱུར་མེད་	NOUN
བདེ་བ་	བདེ་བ་	VERB
ར་	ལ་	PART
སེམས་	སེམས་	NOUN
། །		PUNCT
འཁོར་བ་	འཁོར་བ་	NOUN
འི་	གི་	PART
བག་ཆགས་	བག་ཆགས་	NOUN
མཚན་མ་	མཚན་མ་	NOUN
ཡི་	གིས་	PART
། །		PUNCT
སྐྱེད་	སྐྱེད་	VERB
དང་	དང་	NO_POS
རབ་ཏུ་	རབ་ཏུ་	NO_POS
ཉམས་པ་	ཉམས་པ་	VERB
འི་	གི་	PART
ཕྱོགས་	ཕྱོགས་	NOUN
། །		PUNCT
དཀར་པོ་	དཀར་པོ་	ADJ
ནག་པོ་	ནག་པོ་	ADJ
ར་	ལ་	PART
རབ་ཏུ་	རབ་ཏུ་	NO_POS
གནས་	གནས་	NOUN
། །		PUNCT
དེ་དག་	དེ་དག་	OTHER
དབུ་	དབུ་	NOUN
སུ་	ལ་	PART
རྫོགས་པ་	རྫོགས་པ་	VERB
གང་	གང་	NO_POS
། །		PUNCT
དེ་	སྟེ་	PART
ནི་	ནི་	NO_POS
རྫོགས་པ་	རྫོགས་པ་	VERB
ར་	ལ་	PART
མི་	མི་	PART
གནས་	གནས་	NOUN
སོ་	གོ་	PART
། །		PUNCT
སྐད་ཅིག་	སྐད་ཅིག་	OTHER
གཅིག་	གཅིག་	NUM
མངོན་	མངོན་	VERB
རྫོགས་	རྫོགས་	VERB
སངས་རྒྱས་	སངས་རྒྱས་	NOUN
། །		PUNCT
རྫོགས་པ་	རྫོགས་པ་	VERB
ལ་	ལ་	PART
ནི་	ནི་	NO_POS
གཡོ་	གཡོ་	VERB
མི་	མི་	PART
འགྱུར་	འགྱུར་	VERB
། །		PUNCT
གང་	གང་	NO_POS
ཚེ་	ཚེ་	NOUN
རྡོ་རྗེ་	རྡོ་རྗེ་	NOUN
ནོར་བུ་	ནོར་བུ་	NOUN
ར་	ལ་	PART
སེམས་	སེམས་	NOUN
། །		PUNCT
དེ་	སྟེ་	PART
ནི་	ནི་	NO_POS
སྐད་ཅིག་	སྐད་ཅིག་	OTHER
ཐམས་ཅད་	ཐམས་ཅད་	DET
རྫོགས་	རྫོགས་	VERB
། །		PUNCT
དཀར་པོ་	དཀར་པོ་	ADJ
འི་	གི་	PART
ཕྱོགས་	ཕྱོགས་	NOUN
ལ་	ལ་	PART
འདི་	འདི་	DET
མི་	མི་	PART
གནས་	གནས་	NOUN
། །		PUNCT
རེས་འགའ་	རེས་འགའ་	NO_POS
དཀར་མིན་	དཀར་མིན་	NO_POS
ལ་	ལ་	PART
མི་	མི་	PART
འགྲོ་	འགྲོ་	VERB
། །		PUNCT
ཕྱོགས་	ཕྱོགས་	NOUN
གཉིས་པོ་	གཉིས་པོ་	NUM
ཡི་	གི་	PART
དབུ་	དབུ་	NOUN
གནས་པ་	གནས་པ་	VERB
། །		PUNCT
རྫོགས་པ་	རྫོགས་པ་	VERB
ལ་	ལ་	PART
གནས་	གནས་	NOUN
གཉིས་	གཉིས་	NUM
སུ་	ལ་	PART
མེད་	མེད་	VERB
། །		PUNCT
གཙུག་ཏོར་	གཙུག་ཏོར་	PROPN
ལ་	ལ་	ADP
ས་	གིས་	PART
ནི་	ནི་	NO_POS
ཤར་བ་	ཤར་བ་	VERB
དེ་	དེ་	DET
འི་	གི་	PART
། །		PUNCT
རྡོ་རྗེ་	རྡོ་རྗེ་	NOUN
ནོར་བུ་	ནོར་བུ་	NOUN
ར་	ལ་	PART
རྫོགས་པ་	རྫོགས་པ་	VERB
ར་	ལ་	PART
འགྱུར་	འགྱུར་	VERB
། །		PUNCT
དེ་	སྟེ་	PART
ཆགས་བྲལ་	ཆགས་བྲལ་	NOUN
ལ་	ལ་	ADP
ས་	གིས་	PART
ཆ་	ཆ་	NOUN
ཉམས་པ་	ཉམས་པ་	VERB
། །		PUNCT
རྡོ་རྗེ་	རྡོ་རྗེ་	NOUN
ན་	ནས་	PART
ཉམས་	ཉམས་	NOUN
ལ་	ལ་	PART
རབ་	རབ་	ADV
རྫོགས་	རྫོགས་	VERB
། །		PUNCT
སླར་ཡང་	སླར་ཡང་	OTHER
གཙུག་ཏོར་	གཙུག་ཏོར་	PROPN
དུ་	ལ་	PART
ཤར་བ་	ཤར་བ་	VERB
། །		PUNCT
སླར་ཡང་	སླར་ཡང་	OTHER
རྡོ་རྗེ་	རྡོ་རྗེ་	NOUN
ནོར་བུ་	ནོར་བུ་	NOUN
ར་	ལ་	PART
རྫོགས་	རྫོགས་	VERB
། །		PUNCT
དེ་	སྟེ་	PART
ཆགས་བྲལ་	ཆགས་བྲལ་	NOUN
ལ་	ལ་	ADP
ས་	གིས་	PART
ཆ་	ཆ་	NOUN
ཉམས་པ་	ཉམས་པ་	VERB
། །		PUNCT
ལུས་ཅན་	ལུས་ཅན་	NOUN
ཡེ་ཤེས་	ཡེ་ཤེས་	NOUN
ཉམས་པ་	ཉམས་པ་	VERB
མིན་	མིན་	AUX
། །		PUNCT
འདི་	འདི་	DET
ཡི་	གི་	PART
བདེ་བ་	བདེ་བ་	VERB
ཆེ་	ཆེ་	VERB
རང་བཞིན་	རང་བཞིན་	NOUN
། །		PUNCT
རྫོགས་པ་	རྫོགས་པ་	VERB
འི་	གི་	PART
སྒྲ་	སྒྲ་	NOUN
ཡི་	གིས་	PART
བརྗོད་པ་	བརྗོད་པ་	VERB
ར་	ལ་	PART
བྱ་	བྱ་	VERB
། །		PUNCT
དངོས་པོ་	དངོས་པོ་	NOUN
བར་མ་	བར་མ་	ADJ
གཞན་	གཞན་	DET
ཐམས་ཅད་	ཐམས་ཅད་	DET
། །		PUNCT
འབྱུང་	འབྱུང་	VERB
དང་	དང་	NO_POS
སྡུད་པ་	སྡུད་པ་	VERB
འི་	གི་	PART
རྒྱུ་	རྒྱུ་	NOUN
ཡིན་	ཡིན་	NO_POS
ནོ་	གོ་	PART
། །		PUNCT
སྲིད་	སྲིད་	NOUN
ལ་	ལ་	ADP
ས་	གིས་	PART
མྱ་ངན་	མྱ་ངན་	NOUN
འདས་པ་	འདས་པ་	VERB
ས་	གིས་	PART
འགྲོ་	འགྲོ་	VERB
། །		PUNCT
དེ་ལས་	དེ་ལས་	NO_POS
སླར་ཡང་	སླར་ཡང་	OTHER
སྲིད་པ་	སྲིད་པ་	VERB
ར་	ལ་	PART
འོང་	འོང་	VERB
། །		PUNCT
རང་ཕྱོགས་	རང་ཕྱོགས་	NO_POS
དག་	དག་	DET
ལ་	ལ་	ADP
ས་	གིས་	PART
ཟླ་	ཟླ་	NOUN
བཞིན་	བཞིན་	NOUN
དང་	དང་	NO_POS
། །		PUNCT
བགྲོད་པ་	བགྲོད་པ་	VERB
དག་	དག་	DET
ལས་སྣང་	ལས་སྣང་	NO_POS
བྱེད་	བྱེད་	VERB
བཞིན་	བཞིན་	NOUN
། །		PUNCT
རྫོགས་པ་	རྫོགས་པ་	VERB
ར་	ལ་	PART
མི་གཡོ་བ་	མི་གཡོ་བ་	NO_POS
འདི་	འདི་	DET
ནི་	ནི་	NO_POS
། །		PUNCT
ས་	ས་	ADP
རྣམས་	རྣམས་	DET
ཀྱིས་	གིས་	PART
ནི་	ནི་	NO_POS
ཡོངས་རྫོགས་	ཡོངས་རྫོགས་	OTHER
ཉིད་	ཉིད་	DET
། །		PUNCT
ཉི་ཁྲི་	ཉི་ཁྲི་	OTHER
བརྒྱད་	བརྒྱད་	NUM
གཉིས་	གཉིས་	NUM
བརྒྱ་	བརྒྱ་	NUM
ཡི་	གི་	PART
དབུགས་	དབུགས་	NOUN
། །		PUNCT
འགྱུར་མེད་	འགྱུར་མེད་	NOUN
སྐད་ཅིག་	སྐད་ཅིག་	OTHER
ཟོ་	ཟོ་	VERB
རྣམས་	རྣམས་	DET
ཀྱིས་	གིས་	PART
"།

།"		PUNCT
ཕྱོགས་	ཕྱོགས་	NOUN
གཉིས་	གཉིས་	NUM
ཡང་དག་	ཡང་དག་	ADJ
གནོན་པ་	གནོན་པ་	VERB
ནི་	ནི་	NO_POS
། །		PUNCT
ས་	ས་	ADP
རྣམས་	རྣམས་	DET
ཀྱིས་	གིས་	PART
ནི་	ནི་	NO_POS
ཡོངས་སུ་	ཡོངས་སུ་	NO_POS
རྫོགས་	རྫོགས་	VERB
། །		PUNCT
བདེན་	བདེན་	VERB
དོན་	དོན་	NOUN
རྣམ་པ་	རྣམ་པ་	NOUN
བཅུ་གཉིས་པ་	བཅུ་གཉིས་པ་	NO_POS
། །		PUNCT
རྣམ་པ་	རྣམ་པ་	NOUN
བཅུ་དྲུག་	བཅུ་དྲུག་	NO_POS
འགྱུར་བ་	འགྱུར་བ་	VERB
མེད་	མེད་	VERB
། །		PUNCT
རྣམ་པ་	རྣམ་པ་	NOUN
བཅུ་གཉིས་	བཅུ་གཉིས་	NO_POS
ས་	ས་	ADP
རྣམས་	རྣམས་	DET
ཀྱིས་	གིས་	PART
། །		PUNCT
རྫོགས་པ་	རྫོགས་པ་	VERB
གཉིས་	གཉིས་	NUM
སུ་	ལ་	PART
མེད་པ་	མེད་པ་	VERB
མཆོག་	མཆོག་	ADJ
།		PUNCT
ཆ་ཤས་	ཆ་ཤས་	NOUN
རྣམས་	རྣམས་	DET
ཀྱིས་	གིས་	PART
རྫོགས་པ་	རྫོགས་པ་	VERB
འི་	གི་	PART
སེམས་	སེམས་	NOUN
། །		PUNCT
རྣམ་པ་	རྣམ་པ་	NOUN
བཅུ་དྲུག་	བཅུ་དྲུག་	NO_POS
མི་འགྱུར་བ་	མི་འགྱུར་བ་	NO_POS
། །		PUNCT
དོན་	དོན་	NOUN
གཅིག་	གཅིག་	NUM
གཉིས་	གཉིས་	NUM
སུ་	ལ་	PART
མེད་པ་	མེད་པ་	VERB
ཆོ་	ཆོ་	NOUN
། །		PUNCT
དམ་པ་	དམ་པ་	VERB
འི་	གི་	PART
དོན་	དོན་	NOUN
ཏེ་	སྟེ་	PART
འཇིག་པ་	འཇིག་པ་	VERB
མེད་	མེད་	VERB
། །		PUNCT
རྫོགས་པ་	རྫོགས་པ་	VERB
འི་	གི་	PART
གནས་སྐབས་	གནས་སྐབས་	NOUN
སོན་པ་	སོན་པ་	VERB
འི་	གི་	PART
སེམས་	སེམས་	NOUN
། །		PUNCT
ཀུན་	ཀུན་	DET
ན་	ནས་	PART
རབ་ཏུ་	རབ་ཏུ་	NO_POS
རྫོགས་པ་	རྫོགས་པ་	VERB
འོ་	གོ་	PART
། །		PUNCT
ཆགས་བྲལ་	ཆགས་བྲལ་	NOUN
དང་པོ་	དང་པོ་	ADJ
ཆགས་པ་	ཆགས་པ་	VERB
ཆེ་	ཆེ་	VERB
། །		PUNCT
རྡོ་རྗེ་	རྡོ་རྗེ་	NOUN
ལུས་མེད་	ལུས་མེད་	NOUN
མི་	མི་	PART
འགྱུར་	འགྱུར་	VERB
ཆེ་	ཆེ་	VERB
། །		PUNCT
ཡོངས་སུ་	ཡོངས་སུ་	NO_POS
རྫོགས་པ་	རྫོགས་པ་	VERB
ཕྱོགས་	ཕྱོགས་	NOUN
གཉིས་	གཉིས་	NUM
ཀྱི་	གི་	PART
། །		PUNCT
བག་ཆགས་	བག་ཆགས་	NOUN
རྣམས་	རྣམས་	DET
ཀྱིས་	གིས་	PART
འཁྱུད་པ་	འཁྱུད་པ་	VERB
འོ་	གོ་	PART
། །		PUNCT
ཇི་ལྟ་		
ཆུ་བོ་	ཆུ་བོ་	NOUN
འི་	གི་	PART
ཆུ་	ཆུ་	NOUN
ཞུགས་པ་	ཞུགས་པ་	VERB
། །		PUNCT
དེ་	སྟེ་	PART
ནི་	ནི་	NO_POS
རྒྱ་མཚོ་	རྒྱ་མཚོ་	NOUN
ར་	ལ་	PART
ཆུ་		
མཚུངས་པ་	མཚུངས་པ་	VERB
། །		PUNCT
དེ་བཞིན་	དེ་བཞིན་	OTHER
དངོས་པོ་	དངོས་པོ་	NOUN
འི་	གི་	PART
ཚོགས་	ཚོགས་	NOUN
འདི་	འདི་	DET
དེ་	སྟེ་	PART
། །		PUNCT
འགྱུར་བ་	འགྱུར་བ་	VERB
མེད་པ་	མེད་པ་	VERB
ར་	ལ་	PART
འགྱུར་མེད་	འགྱུར་མེད་	NOUN
མཚུངས་	མཚུངས་	VERB
། །		PUNCT
ཇི་ལྟ་		
ཁམས་	ཁམས་	NOUN
ཀྱི་	གི་	PART
ཚོགས་པ་	ཚོགས་པ་	VERB
འདི་	འདི་	DET
ས་	གིས་	PART
། །		PUNCT
ཟོས་པ་	ཟོས་པ་	VERB
ལ་	ལ་	ADP
ས་	གིས་	PART
ནི་	ནི་	NO_POS
རོ་	རོ་	NOUN
ཉིད་	ཉིད་	DET
འགྱུར་	འགྱུར་	VERB
། །		PUNCT
ས་བོན་	ས་བོན་	NOUN
རང་བཞིན་	རང་བཞིན་	NOUN
ས་བོན་	ས་བོན་	NOUN
གྱིས་	གིས་	PART
། །		PUNCT
འབྲས་བུ་	འབྲས་བུ་	NOUN
འི་	གི་	PART
དུས་	དུས་	NOUN
སུ་	ལ་	PART
ང་རྒྱལ་	ང་རྒྱལ་	NOUN
སྤངས་	སྤངས་	VERB
། །		PUNCT
དེ་ལྟ་	དེ་ལྟ་	NO_POS
དངོས་པོ་	དངོས་པོ་	NOUN
འི་	གི་	PART
ཚོགས་པ་	ཚོགས་པ་	VERB
ཡང་	ཀྱང་	PART
། །		PUNCT
མཆོག་	མཆོག་	ADJ
ཏུ་	ལ་	PART
མི་	མི་	PART
འགྱུར་	འགྱུར་	VERB
ཟོས་པ་	ཟོས་པ་	VERB
ཡི་	གིས་	PART
། །		PUNCT
མཆོག་	མཆོག་	ADJ
ཏུ་	ལ་	PART
འགྱུར་བ་	འགྱུར་བ་	VERB
ཉིད་	ཉིད་	DET
འགྱུར་	འགྱུར་	VERB
། །		PUNCT
རྣམ་པ་	རྣམ་པ་	NOUN
ཐམས་ཅད་	ཐམས་ཅད་	DET
རང་བཞིན་	རང་བཞིན་	NOUN
འཛིན་	འཛིན་	VERB
། །		PUNCT
མཆེ་བ་	མཆེ་བ་	NOUN
འི་	གི་	PART
ཚོར་བ་	ཚོར་བ་	VERB
སྡུག་བསྔལ་	སྡུག་བསྔལ་	NOUN
ནི་	ནི་	NO_POS
། །		PUNCT
དུག་	དུག་	NOUN
རྫོགས་	རྫོགས་	VERB
གནས་སྐབས་	གནས་སྐབས་	NOUN
གྱུར་པ་	གྱུར་པ་	VERB
ན་	ལ་	PART
། །		PUNCT
རྨ་	རྨ་	NOUN
ལ་	ལ་	PART
རིག་	རིག་	VERB
མིན་	མིན་	AUX
གཞན་	གཞན་	DET
དུ་	ལ་	PART
མིན་	མིན་	AUX
། །		PUNCT
ཡུལ་	ཡུལ་	NOUN
དང་	དང་	NO_POS
དབང་པོ་	དབང་པོ་	NOUN
འི་	གི་	PART
སྒོ་	སྒོ་	NOUN
རྣམས་	རྣམས་	DET
ཀྱིས་	གིས་	PART
། །		PUNCT
དེ་བཞིན་	དེ་བཞིན་	OTHER
རྣལ་འབྱོར་	རྣལ་འབྱོར་	NOUN
དམ་པ་	དམ་པ་	VERB
འི་	གི་	PART
བདེ་	བདེ་	VERB
། །		PUNCT
སེམས་	སེམས་	NOUN
རྫོགས་	རྫོགས་	VERB
ཆ་	ཆ་	NOUN
ར་	ལ་	PART
གྱུར་	གྱུར་	VERB
ན་	ལ་	PART
རྡོ་རྗེ་	རྡོ་རྗེ་	NOUN
། །		PUNCT
ནོར་བུ་	ནོར་བུ་	NOUN
ར་	ལ་	PART
རིག་	རིག་	VERB
མིན་	མིན་	AUX
གཞན་	གཞན་	DET
དུ་	ལ་	PART
མིན་	མིན་	AUX
། །		PUNCT
ཡུལ་	ཡུལ་	NOUN
རྣམས་	རྣམས་	DET
དབང་པོ་	དབང་པོ་	NOUN
འི་	གི་	PART
སྒོ་	སྒོ་	NOUN
རྣམས་	རྣམས་	DET
ཀྱིས་	གིས་	PART
། །		PUNCT
ཇི་ལྟ་		
རོ་	རོ་	NOUN
ཆེན་	ཆེན་	NO_POS
ལྕགས་	ལྕགས་	NOUN
རྣམས་	རྣམས་	DET
ཀྱི་	གི་	PART
། །		PUNCT
ཕྱོགས་	ཕྱོགས་	NOUN
གཅིག་	གཅིག་	NUM
ཡང་དག་	ཡང་དག་	ADJ
གནས་པ་	གནས་པ་	VERB
ནི་	ནི་	NO_POS
། །		PUNCT
ལྕགས་	ལྕགས་	NOUN
ལ་	ལ་	PART
དྲག་པོ་	དྲག་པོ་	ADJ
འི་	གི་	PART
མེ་	མེ་	NOUN
ས་	གིས་	PART
གདུངས་	གདུངས་	NO_POS
ན་	ལ་	PART
། །		PUNCT
ཀུན་	ཀུན་	DET
ན་	ནས་	PART
ཀུན་	ཀུན་	DET
ཏུ་	ལ་	PART
འབིགས་པ་	འབིགས་པ་	VERB
ར་	ལ་	PART
བྱེད་	བྱེད་	VERB
། །		PUNCT
དེ་བཞིན་ཉིད་	དེ་བཞིན་ཉིད་	NOUN
དུ་	ལ་	PART
འགྱུར་མེད་	འགྱུར་མེད་	NOUN
བདེ་	བདེ་	VERB
། །		PUNCT
ཕྱོགས་	ཕྱོགས་	NOUN
གཅིག་	གཅིག་	NUM
ཡང་དག་	ཡང་དག་	ADJ
གནས་པ་	གནས་པ་	VERB
ཡང་	ཀྱང་	PART
། །		PUNCT
སེམས་	སེམས་	NOUN
ལ་	ལ་	PART
འདོད་པ་	འདོད་པ་	VERB
འི་	གི་	PART
མེ་	མེ་	NOUN
ས་	གིས་	PART
གདུངས་	གདུངས་	NO_POS
ན་	ལ་	PART
། །		PUNCT
ཀུན་	ཀུན་	DET
ན་	ནས་	PART
ཀུན་	ཀུན་	DET
ཏུ་	ལ་	PART
འབིགས་པ་	འབིགས་པ་	VERB
ར་	ལ་	PART
བྱེད་	བྱེད་	VERB
། །		PUNCT
ཇི་ལྟ་		
ཕུག་པ་	ཕུག་པ་	VERB
འི་	གི་	PART
ལྕགས་	ལྕགས་	NOUN
རྣམས་	རྣམས་	DET
ནི་	ནི་	NO_POS
། །		PUNCT
འགའ་ཞིག་	འགའ་ཞིག་	OTHER
ཏུ་	ལ་	PART
ཡང་	ཀྱང་	PART
དྲི་མ་	དྲི་མ་	NOUN
མེད་	མེད་	VERB
། །		PUNCT
དེ་བཞིན་	དེ་བཞིན་	OTHER
དུ་	ལ་	PART
ནི་	ནི་	NO_POS
ཕུག་པ་	ཕུག་པ་	VERB
འི་	གི་	PART
སེམས་	སེམས་	NOUN
། །		PUNCT
འགའ་ཞིག་	འགའ་ཞིག་	OTHER
ཏུ་	ལ་	PART
ཡང་	ཀྱང་	PART
བག་ཆགས་	བག་ཆགས་	NOUN
མེད་	མེད་	VERB
། །		PUNCT
ལྕགས་	ལྕགས་	NOUN
ནི་	ནི་	NO_POS
གསེར་	གསེར་	NOUN
ཉིད་	ཉིད་	DET
དུ་	ལ་	PART
གྱུར་པ་	གྱུར་པ་	VERB
"།

།"		PUNCT
མེ་	མེ་	NOUN
ཡི་	གིས་	PART
དྲི་མ་	དྲི་མ་	NOUN
མེད་པ་	མེད་པ་	VERB
ར་	ལ་	PART
འགྱུར་	འགྱུར་	VERB
། །		PUNCT
དེ་བཞིན་	དེ་བཞིན་	OTHER
ཡང་	ཀྱང་	PART
དང་	དང་	NO_POS
ཡང་	ཀྱང་	PART
དུ་	ལ་	PART
སེམས་	སེམས་	NOUN
། །		PUNCT
འདོད་ཆགས་	འདོད་ཆགས་	NOUN
མེ་	མེ་	NOUN
ཡི་	གིས་	PART
དྲི་མ་	དྲི་མ་	NOUN
མེད་	མེད་	VERB
། །		PUNCT
ཇི་ལྟ་		
ནོར་བུ་	ནོར་བུ་	NOUN
ཆེ་	ཆེ་	VERB
རེག་	རེག་	VERB
ལ་	ལ་	ADP
ས་	གིས་	PART
། །		PUNCT
རྡོ་	རྡོ་	NOUN
ནི་	ནི་	NO_POS
རབ་ཏུ་	རབ་ཏུ་	NO_POS
འབར་བ་	འབར་བ་	VERB
ར་	ལ་	PART
འགྱུར་	འགྱུར་	VERB
། །		PUNCT
དེ་བཞིན་	དེ་བཞིན་	OTHER
འགྱུར་མེད་	འགྱུར་མེད་	NOUN
བདེ་	བདེ་	VERB
རེག་	རེག་	VERB
ལ་	ལ་	ADP
ས་	གིས་	PART
། །		PUNCT
སེམས་	སེམས་	NOUN
ནི་	ནི་	NO_POS
བདེ་བ་	བདེ་བ་	VERB
ཉིད་	ཉིད་	DET
དུ་	ལ་	PART
འགྱུར་	འགྱུར་	VERB
། །		PUNCT
འདི་	འདི་	DET
ར་	ལ་	PART
ནི་	ནི་	NO_POS
མང་པོ་	མང་པོ་	ADJ
བརྗོད་པ་	བརྗོད་པ་	VERB
ས་	གིས་	PART
ཅི་	ཅི་	NO_POS
། །		PUNCT
འཇིག་རྟེན་	འཇིག་རྟེན་	NOUN
ཀུན་རྫོབ་	ཀུན་རྫོབ་	NOUN
བདེན་པ་	བདེན་པ་	VERB
ཡི་	གིས་	PART
། །		PUNCT
ལྕགས་	ལྕགས་	NOUN
རྣམས་	རྣམས་	DET
རབ་ཏུ་	རབ་ཏུ་	NO_POS
འབིགས་བྱེད་པ་	འབིགས་བྱེད་པ་	NO_POS
། །		PUNCT
རོ་	རོ་	NOUN
ཡི་	གི་	PART
མཐུ་	མཐུ་	NOUN
ནི་	ནི་	NO_POS
བརྟག་	བརྟག་	VERB
བྱ་	བྱ་	VERB
མིན་	མིན་	AUX
། །		PUNCT
ཅི་ཞིག་	ཅི་ཞིག་	NO_POS
སླར་ཡང་	སླར་ཡང་	OTHER
དོན་དམ་པ་	དོན་དམ་པ་	NOUN
ས་	གིས་	PART
། །		PUNCT
བློ་བུར་	བློ་བུར་	NO_POS
དྲི་མ་	དྲི་མ་	NOUN
ས་	གིས་	PART
གཡོགས་པ་	གཡོགས་པ་	VERB
ཡི་	གི་	PART
། །		PUNCT
སེམས་	སེམས་	NOUN
ནི་	ནི་	NO_POS
རབ་ཏུ་	རབ་ཏུ་	NO_POS
འབིགས་བྱེད་པ་	འབིགས་བྱེད་པ་	NO_POS
། །		PUNCT
ཡེ་ཤེས་	ཡེ་ཤེས་	NOUN
མཐུ་	མཐུ་	NOUN
ནི་	ནི་	NO_POS
བརྟག་	བརྟག་	VERB
བྱ་	བྱ་	VERB
མིན་	མིན་	AUX
། །		PUNCT
སེམས་	སེམས་	NOUN
ལ་	ལ་	PART
བློ་བུར་	བློ་བུར་	NO_POS
དྲི་མ་	དྲི་མ་	NOUN
མེད་	མེད་	VERB
། །		PUNCT
སེམས་ལས་	སེམས་ལས་	NOUN
ཡུན་རིང་	ཡུན་རིང་	NOUN
དུས་	དུས་	NOUN
ཅན་	ཅན་	PART
མིན་	མིན་	AUX
། །		PUNCT
སེམས་	སེམས་	NOUN
མེད་པ་	མེད་པ་	VERB
ར་	ལ་	PART
ནི་	ནི་	NO_POS
སྐྱེ་བ་	སྐྱེ་བ་	VERB
མེད་	མེད་	VERB
། །		PUNCT
སེམས་	སེམས་	NOUN
ལ་	ལ་	PART
མི་ཟད་	མི་ཟད་	NO_POS
གནས་པ་	གནས་པ་	VERB
མིན་	མིན་	AUX
། །		PUNCT
གལ་ཏེ་	གལ་ཏེ་	NO_POS
འདི་ཉིད་	འདི་ཉིད་	OTHER
བློ་བུར་པ་	བློ་བུར་པ་	NO_POS
། །		PUNCT
དེ་	སྟེ་	PART
ཚེ་སྔོན་	ཚེ་སྔོན་	NO_POS
དུ་	ལ་	PART
སེམས་	སེམས་	NOUN
དྲི་མེད་	དྲི་མེད་	ADJ
། །		PUNCT
གང་	གང་	NO_POS
ཚེ་	ཚེ་	NOUN
སེམས་ལས་	སེམས་ལས་	NOUN
དུས་	དུས་	NOUN
རིང་	རིང་	NOUN
ཅན་	ཅན་	PART
། །		PUNCT
དེ་	སྟེ་	PART
ཚེ་	ཚེ་	NOUN
དེ་	སྟེ་	PART
ནི་	ནི་	NO_POS
ཅི་	ཅི་	NO_POS
ལ་	ལ་	ADP
ས་	གིས་	PART
སྐྱེ་	སྐྱེ་	NOUN
། །		PUNCT
གལ་ཏེ་	གལ་ཏེ་	NO_POS
སེམས་	སེམས་	NOUN
མེད་པ་	མེད་པ་	VERB
ར་	ལ་	PART
སྐྱེ་	སྐྱེ་	NOUN
ན་	ལ་	PART
། །		PUNCT
དེ་	སྟེ་	PART
ཚེ་	ཚེ་	NOUN
ནམ་མཁ་	ནམ་མཁའ་	NOUN
འི་	གི་	PART
མེ་ཏོག་	མེ་ཏོག་	NOUN
མཚུངས་	མཚུངས་	VERB
། །		PUNCT
གལ་ཏེ་	གལ་ཏེ་	NO_POS
སེམས་	སེམས་	NOUN
ལ་	ལ་	PART
རྟག་	རྟག་	VERB
ཏུ་	ལ་	PART
གནས་	གནས་	NOUN
། །		PUNCT
དེ་	སྟེ་	PART
ཚེ་	ཚེ་	NOUN
ཀུན་	ཀུན་	DET
ཏུ་	ལ་	PART
ཐར་པ་	ཐར་པ་	VERB
མིན་	མིན་	AUX
། །		PUNCT
ཇི་ལྟ་		
ཟངས་	ཟངས་	NOUN
ཀྱི་	གི་	PART
དྲི་མ་	དྲི་མ་	NOUN
ནི་	ནི་	NO_POS
། །		PUNCT
རོ་	རོ་	NOUN
ཡི་	གི་	PART
སྦྱོར་བ་	སྦྱོར་བ་	VERB
ས་	གིས་	PART
ཉམས་པ་	ཉམས་པ་	VERB
ར་	ལ་	PART
འགྱུར་	འགྱུར་	VERB
། །		PUNCT
དེ་	སྟེ་	PART
ཡི་	གི་	PART
ཡོད་	ཡོད་	VERB
ཉིད་	ཉིད་	DET
ཉམས་པ་	ཉམས་པ་	VERB
མེད་	མེད་	VERB
། །		PUNCT
དྲི་མེད་	དྲི་མེད་	ADJ
ཉིད་	ཉིད་	DET
ཀྱི་	གི་	PART
ཡང་དག་	ཡང་དག་	ADJ
གནས་	གནས་	NOUN
། །		PUNCT
དེ་བཞིན་	དེ་བཞིན་	OTHER
སེམས་	སེམས་	NOUN
ཀྱི་	གི་	PART
དྲི་མ་	དྲི་མ་	NOUN
ནི་	ནི་	NO_POS
། །		PUNCT
སྟོང་ཉིད་	སྟོང་ཉིད་	NOUN
སྦྱོར་བ་	སྦྱོར་བ་	VERB
ར་	ལ་	PART
རྣམ་	རྣམ་	NOUN
ཉམས་འགྱུར་	ཉམས་འགྱུར་	OTHER
། །		PUNCT
དེ་	སྟེ་	PART
ཡི་	གི་	PART
ཡེ་ཤེས་	ཡེ་ཤེས་	NOUN
ཉིད་	ཉིད་	DET
ཉམས་	ཉམས་	NOUN
མེད་	མེད་	VERB
། །		PUNCT
དྲི་མེད་	དྲི་མེད་	ADJ
ཉིད་	ཉིད་	DET
ཀྱི་	གི་	PART
ཡང་དག་	ཡང་དག་	ADJ
གནས་	གནས་	NOUN
། །		PUNCT
ཇི་ལྟ་		
བཅུད་	བཅུད་	NOUN
ཀྱིས་	གིས་	PART
ཕུག་པ་	ཕུག་པ་	VERB
འི་	གི་	PART
ལྕགས་	ལྕགས་	NOUN
། །		PUNCT
ལྕགས་	ལྕགས་	NOUN
ཉིད་	ཉིད་	DET
དུ་	ལ་	PART
ནི་	ནི་	NO_POS
རྗེས་འགྲོ་	རྗེས་འགྲོ་	OTHER
མིན་	མིན་	AUX
། །		PUNCT
དེ་བཞིན་	དེ་བཞིན་	OTHER
བདེ་བ་	བདེ་བ་	VERB
ས་	གིས་	PART
ཕུག་པ་	ཕུག་པ་	VERB
འི་	གི་	PART
སེམས་	སེམས་	NOUN
། །		PUNCT
སྡུག་བསྔལ་	སྡུག་བསྔལ་	NOUN
ཉིད་	ཉིད་	DET
དུ་	ལ་	PART
རྗེས་འགྲོ་	རྗེས་འགྲོ་	OTHER
མིན་	མིན་	AUX
། །		PUNCT
ཆགས་བྲལ་	ཆགས་བྲལ་	NOUN
ལ་	ལ་	ADP
ས་	གིས་	PART
གཞན་	གཞན་	DET
སྡིག་པ་	སྡིག་པ་	VERB
མེད་	མེད་	VERB
། །		PUNCT
བདེ་བ་	བདེ་བ་	VERB
ལ་	ལ་	ADP
ས་	གིས་	PART
གཞན་	གཞན་	DET
བསོད་ནམས་	བསོད་ནམས་	NOUN
མེད་	མེད་	VERB
། །		PUNCT
དེ་ཕྱིར་	དེ་ཕྱིར་	NO_POS
འགྱུར་མེད་	འགྱུར་མེད་	NOUN
བདེ་བ་	བདེ་བ་	VERB
ར་	ལ་	PART
སེམས་	སེམས་	NOUN
། །		PUNCT
མི་བདག་	མི་བདག་	NOUN
རྟག་	རྟག་	VERB
ཏུ་	ལ་	PART
གནས་པ་	གནས་པ་	VERB
ར་	ལ་	PART
བྱ་	བྱ་	VERB
། །		PUNCT
གཞོན་ནུ་	གཞོན་ནུ་	ADJ
མ་	མ་	PART
ཡི་	གི་	PART
དགའ་བ་	དགའ་བ་	VERB
ནི་	ནི་	NO_POS
། །		PUNCT
མེད་པ་	མེད་པ་	VERB
ར་	ལ་	PART
བདེ་བ་	བདེ་བ་	VERB
སྨྲ་	སྨྲ་	VERB
མི་	མི་	PART
ནུས་	ནུས་	VERB
། །		PUNCT
ལང་ཚོ་	ལང་ཚོ་	OTHER
འི་	གི་	PART
དགའ་བ་	དགའ་བ་	VERB
ཐོབ་པ་	ཐོབ་པ་	VERB
ན་	ལ་	PART
། །		PUNCT
བདེ་བ་	བདེ་བ་	VERB
ཆེན་པོ་	ཆེན་པོ་	ADJ
རང་	རང་	PRON
གིས་	གིས་	PART
རིག་	རིག་	VERB
།		PUNCT
དེ་བཞིན་	དེ་བཞིན་	OTHER
ཏིང་འཛིན་	ཏིང་འཛིན་	NOUN
དང་	དང་	NO_POS
བྲལ་བ་	བྲལ་བ་	VERB
འི་	གི་	PART
། །		PUNCT
བདེ་བ་	བདེ་བ་	VERB
སྨྲ་བ་	སྨྲ་བ་	VERB
ར་	ལ་	PART
ནུས་	ནུས་	VERB
མ་	མ་	PART
ཡིན་	ཡིན་	NO_POS
། །		PUNCT
འགྱུར་མེད་	འགྱུར་མེད་	NOUN
ཏིང་འཛིན་	ཏིང་འཛིན་	NOUN
ཐོབ་པ་	ཐོབ་པ་	VERB
ན་	ལ་	PART
། །		PUNCT
རྣལ་འབྱོར་པ་	རྣལ་འབྱོར་པ་	NOUN
ཡི་	གི་	PART
རང་རིག་	རང་རིག་	NO_POS
འགྱུར་	འགྱུར་	VERB
། །		PUNCT
འགྱུར་	འགྱུར་	VERB
མེན་	མེན་	NO_POS
ལ་	ལ་	ADP
ས་	གིས་	PART
སྐྱེ་	སྐྱེ་	VERB
བདེ་	བདེ་	VERB
རིག་པ་	རིག་པ་	VERB
"།

།"		PUNCT
ཐམས་ཅད་	ཐམས་ཅད་	DET
མཁྱེན་	མཁྱེན་	VERB
ལ་	ལ་	ADP
འང་	ཀྱང་	PART
ཐེ་ཚོམ་	ཐེ་ཚོམ་	NOUN
ཟ་	ཟ་	VERB
། །		PUNCT
དེ་ལྟ་ན་	དེ་ལྟ་ན་	NO_POS
ཡང་	ཀྱང་	PART
ཡིད་	ཡིད་	NOUN
བདེ་མིན་	བདེ་མིན་	NO_POS
། །		PUNCT
ཆགས་བྲལ་	ཆགས་བྲལ་	NOUN
ཉིད་	ཉིད་	DET
དུ་	ལ་	PART
མི་	མི་	PART
བྱ་	བྱ་	VERB
འོ་	གོ་	PART
། །		PUNCT
འཕོས་པ་	འཕོས་པ་	VERB
ལ་	ལ་	ADP
ས་	གིས་	PART
ནི་	ནི་	NO_POS
ཆགས་བྲལ་	ཆགས་བྲལ་	NOUN
འགྱུར་	འགྱུར་	VERB
། །		PUNCT
ཆགས་བྲལ་	ཆགས་བྲལ་	NOUN
ལ་	ལ་	ADP
ས་	གིས་	PART
ནི་	ནི་	NO_POS
སྡུག་བསྔལ་	སྡུག་བསྔལ་	NOUN
འབྱུང་	འབྱུང་	VERB
། །		PUNCT
སྡུག་བསྔལ་	སྡུག་བསྔལ་	NOUN
སྐྱེས་བུ་	སྐྱེས་བུ་	NOUN
འི་	གི་	PART
ཁམས་	ཁམས་	NOUN
ཟད་	ཟད་	VERB
བྱེད་	བྱེད་	VERB
། །		PUNCT
ཟད་པ་	ཟད་པ་	VERB
ལ་	ལ་	ADP
ས་	གིས་	PART
ནི་	ནི་	NO_POS
འཆི་བ་	འཆི་བ་	VERB
ར་	ལ་	PART
བརྗོད་	བརྗོད་	VERB
། །		PUNCT
ཤི་	ཤི་	VERB
ལ་	ལ་	ADP
ས་	གིས་	PART
སླར་ཡང་	སླར་ཡང་	OTHER
དེ་	སྟེ་	PART
རྣམས་	རྣམས་	DET
ཀྱི་	གི་	PART
། །		PUNCT
སྲིད་པ་	སྲིད་པ་	VERB
འོ་	གོ་	PART
སྲིད་	སྲིད་	NOUN
ལ་	ལ་	ADP
ས་	གིས་	PART
སླ་	སླ་	ADV
འཆི་	འཆི་	VERB
འཕོ་	འཕོ་	VERB
། །		PUNCT
དེ་ལྟ་	དེ་ལྟ་	NO_POS
སེམས་	སེམས་	NOUN
ཅད་		NON_WORD
གྱི་	གི་	PART
སྲིད་པ་	སྲིད་པ་	VERB
། །		PUNCT
ཆགས་བྲལ་	ཆགས་བྲལ་	NOUN
ལ་	ལ་	ADP
ས་	གིས་	PART
འབྱུང་	འབྱུང་	VERB
གཞན་	གཞན་	DET
དུ་	ལ་	PART
མིན་	མིན་	AUX
། །		PUNCT
དེ་ཕྱིར་	དེ་ཕྱིར་	NO_POS
འབད་པ་	འབད་པ་	VERB
ཐམས་ཅད་	ཐམས་ཅད་	DET
ཀྱིས་	གིས་	PART
། །		PUNCT
འཕོ་བ་	འཕོ་བ་	VERB
འི་	གི་	PART
ཆགས་པ་	ཆགས་པ་	VERB
རྣམ་པ་	རྣམ་པ་	NOUN
ར་	ལ་	PART
སྤངས་	སྤངས་	VERB
། །		PUNCT
གང་	གང་	NO_POS
གི་	གི་	PART
འགྱུར་མེད་	འགྱུར་མེད་	NOUN
བདེ་བ་	བདེ་བ་	VERB
ར་	ལ་	PART
འགྱུར་	འགྱུར་	VERB
། །		PUNCT
རྣལ་འབྱོར་	རྣལ་འབྱོར་	NOUN
འཁོར་བ་	འཁོར་བ་	NOUN
ར་	ལ་	PART
བཅིངས་པ་	བཅིངས་པ་	VERB
ཡི་	གིས་	PART
། །		PUNCT
འདོད་	འདོད་	VERB
ལྡན་	ལྡན་	VERB
ཡང་	ཀྱང་	PART
ནི་	ནི་	NO_POS
ཆགས་བྲལ་	ཆགས་བྲལ་	NOUN
བ་	བ་	NOUN
། །		PUNCT
འདོད་པ་	འདོད་པ་	VERB
འི་	གི་	PART
བསྟན་བཅོས་	བསྟན་བཅོས་	NOUN
སུ་	ལ་	PART
མི་	མི་	PART
འདོད་	འདོད་	VERB
། །		PUNCT
བདག་	བདག་	PRON
གིས་	གིས་	PART
བརྗོད་པ་	བརྗོད་པ་	VERB
འི་	གི་	PART
རྒྱུད་	རྒྱུད་	NOUN
དུ་	ལ་	PART
སླ་	སླ་	ADV
། །		PUNCT
རྣལ་འབྱོར་པ་	རྣལ་འབྱོར་པ་	NOUN
ཅིས་	ཅིས་	NO_POS
སྡུག་བསྔལ་	སྡུག་བསྔལ་	NOUN
འདོད་	འདོད་	VERB
། །		PUNCT
ཁུ་བ་	ཁུ་བ་	NOUN
མི་	མི་	PART
འགྱུར་	འགྱུར་	VERB
རང་བཞིན་	རང་བཞིན་	NOUN
གྱིས་	གིས་	PART
། །		PUNCT
མཆོག་	མཆོག་	ADJ
ཏུ་	ལ་	PART
མི་	མི་	PART
འགྱུར་	འགྱུར་	VERB
བསྒྲུབ་པ་	བསྒྲུབ་པ་	VERB
ར་	ལ་	PART
བྱ་	བྱ་	VERB
། །		PUNCT
རྟེན་	རྟེན་	NOUN
ནི་	ནི་	NO_POS
འཕོ་བ་	འཕོ་བ་	VERB
ཐོབ་པ་	ཐོབ་པ་	VERB
ནི་	ནི་	NO_POS
། །		PUNCT
བརྟེན་པ་	བརྟེན་པ་	VERB
འི་	གི་	PART
འདོད་ཆགས་	འདོད་ཆགས་	NOUN
བྲལ་བ་	བྲལ་བ་	VERB
ཉིད་	ཉིད་	DET
། །		PUNCT
རྟེན་	རྟེན་	NOUN
དང་	དང་	NO_POS
བརྟེན་པ་	བརྟེན་པ་	VERB
ལེགས་	ལེགས་	VERB
རྫོགས་པ་	རྫོགས་པ་	VERB
། །		PUNCT
ཇི་སྲིད་	ཇི་སྲིད་	PRON
འགྱུར་མེད་	འགྱུར་མེད་	NOUN
ཉིད་	ཉིད་	DET
དུ་	ལ་	PART
འགྲོ་	འགྲོ་	VERB
། །		PUNCT
སེམས་	སེམས་	NOUN
ཀྱི་	གི་	PART
འགྱུར་མེད་	འགྱུར་མེད་	NOUN
ཉིད་	ཉིད་	DET
ཐོབ་	ཐོབ་	VERB
ན་	ལ་	PART
། །		PUNCT
རྟེན་	རྟེན་	NOUN
དང་	དང་	NO_POS
བརྟེན་པ་	བརྟེན་པ་	VERB
འི་	གི་	PART
མཚན་ཉིད་	མཚན་ཉིད་	NOUN
མེད་	མེད་	VERB
། །		PUNCT
འགྱུར་མེད་	འགྱུར་མེད་	NOUN
ལ་	ལ་	ADP
ས་	གིས་	PART
བྱུང་	བྱུང་	VERB
སྐུ་	སྐུ་	NOUN
ཡི་	གི་	PART
ནི་	ནི་	NO_POS
། །		PUNCT
མཛོད་སྤུ་	མཛོད་སྤུ་	NO_POS
འི་	གི་	PART
འཁོར་ལོ་	འཁོར་ལོ་	NOUN
ར་	ལ་	PART
སོན་པ་	སོན་པ་	VERB
འི་	གི་	PART
ཡང་	ཀྱང་	PART
། །		PUNCT
ཨཱ་ལི་	ཨཱ་ལི་	NOUN
ཀཱ་ལི་	ཀཱ་ལི་	OTHER
མཉམ་	མཉམ་	VERB
སྦྱོར་བ་	སྦྱོར་བ་	VERB
། །		PUNCT
ཧཱུྃ་		NON_WORD
ཡིག་	ཡིག་	NOUN
མ་	མ་	PART
འདོད་	འདོད་	VERB
མི་	མི་	PART
ཡི་	གི་	PART
བདག་	བདག་	PRON
།		PUNCT
སྟོང་པ་	སྟོང་པ་	VERB
ལ་	ལ་	ADP
ས་	གིས་	PART
བྱུང་	བྱུང་	VERB
གཟུགས་བརྙན་	གཟུགས་བརྙན་	NOUN
རྒྱུ་	རྒྱུ་	NOUN
། །		PUNCT
མི་	མི་	PART
འགྱུར་	འགྱུར་	VERB
ལ་	ལ་	ADP
ས་	གིས་	PART
སྐྱེ་	སྐྱེ་	VERB
བདེ་བ་	བདེ་བ་	VERB
འབྲས་	འབྲས་	NOUN
། །		PUNCT
རྒྱུ་	རྒྱུ་	NOUN
ནི་	ནི་	NO_POS
འབྲས་བུ་	འབྲས་བུ་	NOUN
ས་	གིས་	PART
རྒྱས་བཏབ་པ་	རྒྱས་བཏབ་པ་	NO_POS
། །		PUNCT
འབྲས་བུ་	འབྲས་བུ་	NOUN
རྒྱུ་	རྒྱུ་	NOUN
ཡི་	གིས་	PART
རྒྱས་བཏབ་པ་	རྒྱས་བཏབ་པ་	NO_POS
འོ་	གོ་	PART
། །		PUNCT
སྟོང་ཉིད་	སྟོང་ཉིད་	NOUN
གཟུགས་བརྙན་	གཟུགས་བརྙན་	NOUN
འཛིན་པ་	འཛིན་པ་	VERB
རྒྱུ་	རྒྱུ་	NOUN
། །		PUNCT
སྙིང་རྗེ་	སྙིང་རྗེ་	NOUN
འགྱུར་མེད་	འགྱུར་མེད་	NOUN
འཛིན་པ་	འཛིན་པ་	VERB
འབྲས་	འབྲས་	NOUN
། །		PUNCT
སྟོང་ཉིད་	སྟོང་ཉིད་	NOUN
སྙིང་རྗེ་	སྙིང་རྗེ་	NOUN
དབྱེ་	དབྱེ་	VERB
ར་	ལ་	PART
མེད་པ་	མེད་པ་	VERB
། །		PUNCT
བྱང་ཆུབ་	བྱང་ཆུབ་	NOUN
སེམས་	སེམས་	NOUN
དེ་	སྟེ་	PART
མི་	མི་	PART
འཕོ་བ་	འཕོ་བ་	VERB
འོ་	གོ་	PART
། །		PUNCT
མྱ་ངན་	མྱ་ངན་	NOUN
འདས་པ་	འདས་པ་	VERB
བྲལ་བ་	བྲལ་བ་	VERB
འི་	གི་	PART
གཟུགས་	གཟུགས་	NOUN
། །		PUNCT
འཁོར་བ་	འཁོར་བ་	NOUN
ལ་	ལ་	ADP
ས་	གིས་	PART
འདའ་	འདའ་	VERB
མི་འགྱུར་བ་	མི་འགྱུར་བ་	NO_POS
། །		PUNCT
དེ་དག་	དེ་དག་	OTHER
སྦྱོར་བ་	སྦྱོར་བ་	VERB
གཉིས་	གཉིས་	NUM
མེད་	མེད་	VERB
མཆོག་	མཆོག་	ADJ
།		PUNCT
རྟག་	རྟག་	VERB
དང་	དང་	NO_POS
ཆད་ལས་	ཆད་ལས་	NO_POS
ངེས་པ་		
གྲོལ་	གྲོལ་	VERB
། །		PUNCT
དངོས་མེད་	དངོས་མེད་	NOUN
ལ་	ལ་	ADP
ས་	གིས་	PART
བྱུང་	བྱུང་	VERB
མཚན་ཉིད་	མཚན་ཉིད་	NOUN
ཕྱི་	ཕྱི་	OTHER
། །		PUNCT
གཟུགས་	གཟུགས་	NOUN
ནི་	ནི་	NO_POS
དངོས་པོ་	དངོས་པོ་	NOUN
མེད་པ་	མེད་པ་	VERB
མིན་	མིན་	AUX
། །		PUNCT
དངོས་པོ་	དངོས་པོ་	NOUN
ལ་	ལ་	ADP
ས་	གིས་	PART
བྱུང་	བྱུང་	VERB
མཚན་ཉིད་	མཚན་ཉིད་	NOUN
ཕྱི་	ཕྱི་	OTHER
། །		PUNCT
འགྱུར་བ་	འགྱུར་བ་	VERB
མེད་པ་	མེད་པ་	VERB
དངོས་པོ་	དངོས་པོ་	NOUN
མིན་	མིན་	AUX
། །		PUNCT
དངོས་པོ་	དངོས་པོ་	NOUN
དངོས་མེད་	དངོས་མེད་	NOUN
ཡང་དག་	ཡང་དག་	ADJ
སྦྱོར་	སྦྱོར་	VERB
"།

།"		PUNCT
རྡོ་རྗེ་	རྡོ་རྗེ་	NOUN
འི་	གི་	PART
རྣལ་འབྱོར་	རྣལ་འབྱོར་	NOUN
གཉིས་	གཉིས་	NUM
མེད་	མེད་	VERB
མཆོག་	མཆོག་	ADJ
།		PUNCT
གཟུགས་	གཟུགས་	NOUN
དང་	དང་	NO_POS
གཟུགས་	གཟུགས་	NOUN
མིན་	མིན་	AUX
རྣམ་པ་	རྣམ་པ་	NOUN
ར་	ལ་	PART
གྲོལ་	གྲོལ་	VERB
། །		PUNCT
པྲ་	པྲ་	NOUN
ཕབ་	ཕབ་	VERB
མེ་ལོང་	མེ་ལོང་	NOUN
ལ་	ལ་	PART
བཞིན་	བཞིན་	NOUN
ནོ་	གོ་	PART
། །		PUNCT
གཟུགས་	གཟུགས་	NOUN
ནི་	ནི་	NO_POS
སྲིད་པ་	སྲིད་པ་	VERB
ར་	ལ་	PART
མི་	མི་	PART
འོང་	འོང་	VERB
སྟེ་	སྟེ་	PART
། །		PUNCT
འགྱུར་མེད་	འགྱུར་མེད་	NOUN
མྱ་ངན་	མྱ་ངན་	NOUN
འདའ་	འདའ་	VERB
མི་	མི་	PART
འགྲོ་	འགྲོ་	VERB
། །		PUNCT
ཕན་ཚུན་	ཕན་ཚུན་	ADV
འཁྱུད་པ་	འཁྱུད་པ་	VERB
ས་	གིས་	PART
ཞི་བ་	ཞི་བ་	VERB
སྟེ་	སྟེ་	PART
། །		PUNCT
མ་ནིང་	མ་ནིང་	OTHER
གི་	གི་	PART
ནི་	ནི་	NO_POS
གོ་འཕང་	གོ་འཕང་	NOUN
མཆོག་	མཆོག་	ADJ
།		PUNCT
ཤེས་རབ་	ཤེས་རབ་	NOUN
རྒྱུ་ལ་	རྒྱུ་ལ་	NO_POS
ས་	གིས་	PART
མ་	མ་	PART
བྱུང་	བྱུང་	VERB
ཞིང་	ཅིང་	PART
། །		PUNCT
ཤེས་རབ་	ཤེས་རབ་	NOUN
རྒྱུ་ལ་	རྒྱུ་ལ་	NO_POS
ས་	གིས་	PART
བྱུང་བ་	བྱུང་བ་	VERB
འབྲས་	འབྲས་	NOUN
། །		PUNCT
ཤེས་རབ་	ཤེས་རབ་	NOUN
རྒྱུ་ལ་	རྒྱུ་ལ་	NO_POS
ས་	གིས་	PART
མ་	མ་	PART
སྐྱེ་	སྐྱེ་	VERB
ཕྱི་	ཕྱི་	OTHER
། །		PUNCT
ཤེས་རབ་	ཤེས་རབ་	NOUN
ལ་	ལ་	ADP
ས་	གིས་	PART
སྐྱེ་	སྐྱེ་	VERB
རྒྱུ་	རྒྱུ་	NOUN
སྐྱེ་	སྐྱེ་	VERB
མིན་	མིན་	AUX
། །		PUNCT
དེ་ཕྱིར་	དེ་ཕྱིར་	NO_POS
ཡེ་ཤེས་	ཡེ་ཤེས་	NOUN
རྒྱུ་	རྒྱུ་	NOUN
སྐྱེ་	སྐྱེ་	VERB
མིན་	མིན་	AUX
། །		PUNCT
ཤེས་རབ་	ཤེས་རབ་	NOUN
ཡེ་ཤེས་	ཡེ་ཤེས་	NOUN
བླ་	བླ་	NOUN
ན་	ལ་	PART
མེད་	མེད་	VERB
། །		PUNCT
འབྲས་བུ་	འབྲས་བུ་	NOUN
རྒྱུ་	རྒྱུ་	NOUN
ཡི་	གིས་	PART
གཞན་	གཞན་	DET
དང་	དང་	NO_POS
གཞན་	གཞན་	DET
། །		PUNCT
ཕན་ཚུན་	ཕན་ཚུན་	ADV
དུ་	ལ་	PART
ནི་	ནི་	NO_POS
རྒྱ་	རྒྱ་	VERB
བཏབ་	བཏབ་	VERB
མེད་	མེད་	VERB
། །		PUNCT
རྒྱུ་	རྒྱུ་	NOUN
དང་	དང་	NO_POS
འབྲས་བུ་	འབྲས་བུ་	NOUN
ཐམས་ཅད་	ཐམས་ཅད་	DET
གང་	གང་	NO_POS
། །		PUNCT
དེ་	སྟེ་	PART
ནི་	ནི་	NO_POS
རྟེན་	རྟེན་	NOUN
ཅིང་	ཅིང་	PART
འབྲེལ་པ་	འབྲེལ་པ་	VERB
ར་	ལ་	PART
འབྱུང་	འབྱུང་	VERB
། །		PUNCT
ཕན་ཚུན་	ཕན་ཚུན་	ADV
རྒྱ་	རྒྱ་	NOUN
ཡི་	གིས་	PART
བཏབ་པ་	བཏབ་པ་	VERB
འི་	གི་	PART
གཟུགས་	གཟུགས་	NOUN
། །		PUNCT
སྐྱེ་	སྐྱེ་	NOUN
མིན་	མིན་	AUX
མྱ་ངན་	མྱ་ངན་	NOUN
འདས་པ་	འདས་པ་	VERB
འང་	ཀྱང་	PART
མིན་	མིན་	AUX
། །		PUNCT
ཤེས་རབ་	ཤེས་རབ་	NOUN
ཀུན་	ཀུན་	DET
ན་	ནས་	PART
མྱ་ངན་	མྱ་ངན་	NOUN
འདའ་	འདའ་	VERB
། །		PUNCT
སྐྱེ་བ་	སྐྱེ་བ་	VERB
མཆོག་	མཆོག་	ADJ
ཏུ་	ལ་	PART
འགྱུར་བ་	འགྱུར་བ་	VERB
མེད་	མེད་	VERB
། །		PUNCT
རྒྱུ་	རྒྱུ་	NOUN
དང་	དང་	NO_POS
འབྲས་བུ་	འབྲས་བུ་	NOUN
རྣམ་	རྣམ་	NOUN
ངེས་	ངེས་	VERB
གྲོལ་	གྲོལ་	VERB
། །		PUNCT
ཕན་ཚུན་	ཕན་ཚུན་	ADV
དུ་	ལ་	PART
ནི་	ནི་	NO_POS
རྒྱ་	རྒྱ་	VERB
བཏབ་	བཏབ་	VERB
མེད་	མེད་	VERB
། །		PUNCT
མ་	མ་	PART
སྐྱེས་པ་	སྐྱེས་པ་	VERB
དང་	དང་	NO_POS
མ་	མ་	PART
འགགས་པ་	འགགས་པ་	VERB
འི་	གི་	PART
། །		PUNCT
ཤེས་བྱ་	ཤེས་བྱ་	VERB
གང་ཞིག་	གང་ཞིག་	NO_POS
འདི་	འདི་	DET
ར་	ལ་	PART
མཐོང་བ་	མཐོང་བ་	VERB
། །		PUNCT
དེ་	སྟེ་	PART
ནི་	ནི་	NO_POS
རང་སེམས་	རང་སེམས་	NOUN
གཞན་མ་	གཞན་མ་	PRON
ཡིན་	ཡིན་	NO_POS
། །		PUNCT
ཕྱི་	ཕྱི་	NOUN
ཡི་	གི་	PART
ཤེས་བྱ་	ཤེས་བྱ་	VERB
རྣམ་འབྱེད་	རྣམ་འབྱེད་	NOUN
ཕྱི་	ཕྱི་	OTHER
། །		PUNCT
དེ་ཕྱིར་	དེ་ཕྱིར་	NO_POS
བདག་	བདག་	PRON
གིས་	གིས་	PART
བདག་ཉིད་	བདག་ཉིད་	NOUN
ལ་	ལ་	PART
། །		PUNCT
འག་	འགའ་	DET
ར་	ལ་	PART
ཡང་	ཀྱང་	PART
རྒྱ་	རྒྱ་	VERB
གདབ་	གདབ་	NO_POS
ནུས་	ནུས་	VERB
མ་	མ་	PART
ཡིན་	ཡིན་	NO_POS
། །		PUNCT
རལ་གྲི་	རལ་གྲི་	NOUN
ཆེན་པོ་	ཆེན་པོ་	ADJ
བདག་ཉིད་	བདག་ཉིད་	NOUN
ལ་	ལ་	PART
། །		PUNCT
བདག་ཉིད་	བདག་ཉིད་	NOUN
སོ་	གོ་	PART
ཡི་	གིས་	PART
གཅོད་	གཅོད་	NO_POS
དམ་	གམ་	PART
ཅི་	ཅི་	NO_POS
། །		PUNCT
མོ་གཤམ་	མོ་གཤམ་	NOUN
བུ་མོ་	བུ་མོ་	NOUN
དང་	དང་	NO_POS
འགྲོགས་པ་	འགྲོགས་པ་	NO_POS
ས་	གིས་	PART
། །		PUNCT
རྨི་ལམ་	རྨི་ལམ་	NOUN
དུ་	ལ་	PART
ནི་	ནི་	NO_POS
བདེ་	བདེ་	VERB
འགྱུར་	འགྱུར་	VERB
ལྟ་	ལྟ་	OTHER
། །		PUNCT
ནམ་མཁའ་	ནམ་མཁའ་	NOUN
ལ་	ལ་	ADP
ས་	གིས་	PART
བྱུང་	བྱུང་	VERB
གཟུགས་བརྙན་	གཟུགས་བརྙན་	NOUN
ནི་	ནི་	NO_POS
། །		PUNCT
བསྟེན་པ་	བསྟེན་པ་	VERB
ས་	གིས་	PART
བདག་	བདག་	PRON
ལ་	ལ་	PART
དེ་བཞིན་	དེ་བཞིན་	OTHER
ནོ་	གོ་	PART
། །		PUNCT
ཤེས་རབ་	ཤེས་རབ་	NOUN
མ་	མ་	PART
ཡིན་	ཡིན་	NO_POS
ཐབས་	ཐབས་	NOUN
ཀྱང་	ཀྱང་	PART
མིན་	མིན་	AUX
། །		PUNCT
འདི་	འདི་	DET
ནི་	ནི་	NO_POS
ལྷན་སྐྱེས་	ལྷན་སྐྱེས་	ADJ
ཤེས་རབ་	ཤེས་རབ་	NOUN
བཅའ་	བཅའ་	VERB
། །		PUNCT
ཀུན་	ཀུན་	DET
ན་	ནས་	PART
བདེ་བ་	བདེ་བ་	VERB
རྫོགས་པ་	རྫོགས་པ་	VERB
ལ་	ལ་	ADP
ས་	གིས་	PART
། །		PUNCT
སྒྲིབ་པ་	སྒྲིབ་པ་	VERB
ཐམས་ཅད་	ཐམས་ཅད་	DET
སྤངས་པ་	སྤངས་པ་	VERB
སྟེ་	སྟེ་	PART
། །		PUNCT
ནམ་མཁའ་	ནམ་མཁའ་	NOUN
བཞིན་	བཞིན་	NOUN
དུ་	ལ་	PART
གོས་པ་	གོས་པ་	VERB
མེད་	མེད་	VERB
། །		PUNCT
ཡུལ་	ཡུལ་	NOUN
དང་	དང་	NO_POS
དབང་པོ་	དབང་པོ་	NOUN
སྤངས་པ་	སྤངས་པ་	VERB
ནི་	ནི་	NO_POS
། །		PUNCT
ཀུན་	ཀུན་	DET
ན་	ནས་	PART
འབྱུང་བ་	འབྱུང་བ་	VERB
ཀུན་	ཀུན་	DET
ལ་	ལ་	PART
གནས་	གནས་	NOUN
། །		PUNCT
གཅད་	གཅད་	NO_POS
དུ་	ལ་	PART
མེད་པ་	མེད་པ་	VERB
དབྱེ་བ་	དབྱེ་བ་	VERB
སྤངས་	སྤངས་	VERB
། །		PUNCT
རང་བྱུང་	རང་བྱུང་	NOUN
རྡོ་རྗེ་	རྡོ་རྗེ་	NOUN
སེམས་དཔའ་	སེམས་དཔའ་	NOUN
ནི་	ནི་	NO_POS
། །		PUNCT
དོན་	དོན་	NOUN
ཆེན་	ཆེན་	NO_POS
མཆོག་	མཆོག་	ADJ
ཏུ་	ལ་	PART
མི་འགྱུར་བ་	མི་འགྱུར་བ་	NO_POS
། །		PUNCT
འདོད་ཆགས་	འདོད་ཆགས་	NOUN
ཆེན་པོ་	ཆེན་པོ་	ADJ
སེམས་དཔའ་	སེམས་དཔའ་	NOUN
ཆེ་	ཆེ་	VERB
། །		PUNCT
སེམས་ཅན་	སེམས་ཅན་	NOUN
ཐམས་ཅད་	ཐམས་ཅད་	DET
དགའ་བ་	དགའ་བ་	VERB
ར་	ལ་	PART
བྱེད་	བྱེད་	VERB
། །		PUNCT
བྱང་ཆུབ་	བྱང་ཆུབ་	NOUN
སེམས་དཔའ་	སེམས་དཔའ་	NOUN
ཞེ་སྡང་	ཞེ་སྡང་	NOUN
ཆེ་	ཆེ་	VERB
། །		PUNCT
ཉོན་མོངས་	ཉོན་མོངས་	NOUN
ཟད་པ་	ཟད་པ་	VERB
དགྲ་	དགྲ་	NOUN
ཆེན་པོ་	ཆེན་པོ་	ADJ
། །		PUNCT
དམ་ཚིག་	དམ་ཚིག་	NOUN
སེམས་དཔའ་	སེམས་དཔའ་	NOUN
གཏི་མུག་	གཏི་མུག་	NOUN
ཆེ་	ཆེ་	VERB
"།

།"		PUNCT
གཏི་མུག་	གཏི་མུག་	NOUN
བློ་	བློ་	NOUN
སྟེ་	སྟེ་	PART
གཏི་མུག་	གཏི་མུག་	NOUN
སེལ་	སེལ་	VERB
། །		PUNCT
རྡོ་རྗེ་	རྡོ་རྗེ་	NOUN
འི་	གི་	PART
རྣལ་འབྱོར་	རྣལ་འབྱོར་	NOUN
ཁྲོ་བ་	ཁྲོ་བ་	VERB
ཆེ་	ཆེ་	VERB
། །		PUNCT
ལྷ་མིན་	ལྷ་མིན་	NOUN
ཁྲོ་བོ་	ཁྲོ་བོ་	NOUN
དགྲ་	དགྲ་	NOUN
ཆེན་པོ་	ཆེན་པོ་	ADJ
། །		PUNCT
དུས་	དུས་	NOUN
ཀྱི་	གི་	PART
འཁོར་ལོ་	འཁོར་ལོ་	NOUN
ཆགས་པ་	ཆགས་པ་	VERB
ཆེ་	ཆེ་	VERB
། །		PUNCT
འཕོ་བ་	འཕོ་བ་	VERB
འི་	གི་	PART
ཆགས་པ་	ཆགས་པ་	VERB
སེར་བ་	སེར་བ་	NOUN
ར་	ལ་	PART
བྱེད་	བྱེད་	VERB
། །		PUNCT
རྡོ་རྗེ་	རྡོ་རྗེ་	NOUN
མི་	མི་	PART
ཕྱེད་	ཕྱེད་	NUM
ཅེས་པ་	ཅེས་པ་	PART
ར་	ལ་	PART
བརྗོད་	བརྗོད་	VERB
། །		PUNCT
འདི་	འདི་	DET
ནི་	ནི་	NO_POS
དོན་	དོན་	NOUN
ཆེན་	ཆེན་	NO_POS
བཅོམ་ལྡན་འདས་	བཅོམ་ལྡན་འདས་	NOUN
། །		PUNCT
སེམས་དཔའ་	སེམས་དཔའ་	NOUN
སྲིད་	སྲིད་	NOUN
གསུམ་	གསུམ་	NUM
གཅིག་པ་	གཅིག་པ་	ADJ
ཉིད་	ཉིད་	DET
། །		PUNCT
མཆོག་	མཆོག་	ADJ
ཏུ་	ལ་	PART
མི་	མི་	PART
འགྱུར་	འགྱུར་	VERB
བརྗོད་པ་	བརྗོད་པ་	VERB
ར་	ལ་	PART
བྱ་	བྱ་	VERB
། །		PUNCT
མཆོག་	མཆོག་	ADJ
ཏུ་	ལ་	PART
མི་	མི་	PART
འགྱུར་	འགྱུར་	VERB
བདེ་བ་	བདེ་བ་	VERB
རྫོགས་	རྫོགས་	VERB
། །		PUNCT
ས་	ས་	ADP
རྣམས་	རྣམས་	DET
ཡོངས་སུ་	ཡོངས་སུ་	NO_POS
རྫོགས་པ་	རྫོགས་པ་	VERB
ཡི་	གིས་	PART
། །		PUNCT
འདོད་ཆགས་	འདོད་ཆགས་	NOUN
ཆེན་པོ་	ཆེན་པོ་	ADJ
སེམས་དཔའ་	སེམས་དཔའ་	NOUN
ཆེ་	ཆེ་	VERB
། །		PUNCT
སེམས་ཅན་	སེམས་ཅན་	NOUN
ཐམས་ཅད་	ཐམས་ཅད་	DET
དགའ་བ་	དགའ་བ་	VERB
ར་	ལ་	PART
བྱེད་	བྱེད་	VERB
། །		PUNCT
བྱང་ཆུབ་	བྱང་ཆུབ་	NOUN
ལ་	ལ་	PART
གནས་	གནས་	NOUN
སེམས་དཔའ་	སེམས་དཔའ་	NOUN
ནི་	ནི་	NO_POS
། །		PUNCT
མི་	མི་	PART
གཡོ་	གཡོ་	VERB
དེ་ཕྱིར་	དེ་ཕྱིར་	NO_POS
བྱང་ཆུབ་	བྱང་ཆུབ་	NOUN
སེམས་	སེམས་	NOUN
། །		PUNCT
ཉོན་མོངས་	ཉོན་མོངས་	NOUN
ལ་སོགས་	ལ་སོགས་	NO_POS
ཞེ་སྡང་	ཞེ་སྡང་	NOUN
ཚོགས་	ཚོགས་	NOUN
། །		PUNCT
ཞེ་སྡང་	ཞེ་སྡང་	NOUN
ཆེན་པོ་	ཆེན་པོ་	ADJ
དགྲ་	དགྲ་	NOUN
ཆེ་བ་	ཆེ་བ་	VERB
། །		PUNCT
དམ་ཚིག་	དམ་ཚིག་	NOUN
ཟླ་བ་	ཟླ་བ་	NOUN
བདུད་རྩི་	བདུད་རྩི་	NOUN
ཡི་	གི་	PART
། །		PUNCT
ཁུ་བ་	ཁུ་བ་	NOUN
འཕོ་	འཕོ་	VERB
མེད་	མེད་	VERB
དེ་	སྟེ་	PART
ཟ་བ་	ཟ་བ་	VERB
། །		PUNCT
དམ་ཚིག་	དམ་ཚིག་	NOUN
སེམས་དཔ་	སེམས་དཔའ་	NOUN
འོ་	གོ་	PART
རིགས་པ་	རིགས་པ་	VERB
འདི་	འདི་	DET
ས་	གིས་	PART
། །		PUNCT
གཏི་མུག་	གཏི་མུག་	NOUN
བློ་	བློ་	NOUN
སྟེ་	སྟེ་	PART
གཏི་མུག་	གཏི་མུག་	NOUN
སེལ་	སེལ་	VERB
། །		PUNCT
རྡོ་རྗེ་	རྡོ་རྗེ་	NOUN
ཐམས་ཅད་	ཐམས་ཅད་	DET
གཅིག་པ་	གཅིག་པ་	ADJ
ཉིད་	ཉིད་	DET
། །		PUNCT
ཤེས་རབ་	ཤེས་རབ་	NOUN
སྐུ་	སྐུ་	NOUN
དང་	དང་	NO_POS
མི་	མི་	PART
འགྱུར་	འགྱུར་	VERB
བཅའ་	བཅའ་	VERB
། །		PUNCT
ཁྲོ་བོ་	ཁྲོ་བོ་	NOUN
ཆེན་པོ་	ཆེན་པོ་	ADJ
དགྲ་	དགྲ་	NOUN
ཆེན་པོ་	ཆེན་པོ་	ADJ
། །		PUNCT
ཁྲོ་བོ་	ཁྲོ་བོ་	NOUN
འི་	གི་	PART
གཟུགས་ཅན་	གཟུགས་ཅན་	ADJ
བདུད་	བདུད་	NOUN
རྣམས་	རྣམས་	DET
ཀྱིས་	གིས་	PART
། །		PUNCT
འགྱུར་མེད་	འགྱུར་མེད་	NOUN
བདེ་བ་	བདེ་བ་	VERB
ཆེ་ཐབས་	ཆེ་ཐབས་	VERB
ལ་	ལ་	PART
། །		PUNCT
ནམ་ཡང་	ནམ་ཡང་	OTHER
སེམས་ཅན་	སེམས་ཅན་	NOUN
དོན་	དོན་	NOUN
མི་	མི་	PART
འདོ་	འདོ་	VERB
། །		PUNCT
སེམས་ཅན་	སེམས་ཅན་	NOUN
གྲོལ་	གྲོལ་	VERB
ན་	ནས་	PART
ཆགས་	ཆགས་	VERB
ཆེན་པོ་	ཆེན་པོ་	ADJ
། །		PUNCT
འགྱུར་བ་	འགྱུར་བ་	VERB
འི་	གི་	PART
ཆགས་པ་	ཆགས་པ་	VERB
སེལ་བ་	སེལ་བ་	VERB
ར་	ལ་	PART
བྱེད་	བྱེད་	VERB
། །		PUNCT
འདི་	འདི་	DET
རྣམས་	རྣམས་	DET
རྣམ་པ་	རྣམ་པ་	NOUN
དྲུག་	དྲུག་	NUM
ཏུ་	ལ་	PART
བརྗོད་	བརྗོད་	VERB
། །		PUNCT
མི་	མི་	PART
འགྱུར་	འགྱུར་	VERB
ཡེ་ཤེས་	ཡེ་ཤེས་	NOUN
ཚོར་བ་	ཚོར་བ་	VERB
དང་	དང་	NO_POS
། །		PUNCT
རྣམ་ཤེས་	རྣམ་ཤེས་	NOUN
གཟུགས་	གཟུགས་	NOUN
དང་	དང་	NO_POS
འདུ་བྱེད་	འདུ་བྱེད་	NOUN
དང་	དང་	NO_POS
། །		PUNCT
འདུ་ཤེས་	འདུ་ཤེས་	NOUN
དེ་	སྟེ་	PART
རྣམས་	རྣམས་	DET
ཕུང་པོ་	ཕུང་པོ་	NOUN
འི་	གི་	PART
རིགས་	རིགས་	NOUN
། །		PUNCT
ཡེ་ཤེས་	ཡེ་ཤེས་	NOUN
མེ་	མེ་	NOUN
དང་	དང་	NO_POS
ནམ་མཁའ་	ནམ་མཁའ་	NOUN
ས་	ས་	ADP
། །		PUNCT
རླུང་	རླུང་	NOUN
ཆུ་	ཆུ་	NOUN
རྣམས་	རྣམས་	DET
ཀྱི་	གི་	PART
རིམ་པ་	རིམ་པ་	NOUN
བཞིན་	བཞིན་	NOUN
། །		PUNCT
ཡིད་	ཡིད་	NOUN
མིག་	མིག་	NOUN
རྣ་བ་	རྣ་བ་	NOUN
ལུས་	ལུས་	NOUN
དང་	དང་	NO_POS
སྣ་	སྣ་	NOUN
། །		PUNCT
ལྕེ་	ལྕེ་	NOUN
རྣམས་	རྣམས་	DET
ཀྱི་	གི་	PART
ཡང་	ཀྱང་	PART
དེ་བཞིན་ཉིད་	དེ་བཞིན་ཉིད་	NOUN
། །		PUNCT
སྒྲ་	སྒྲ་	NOUN
རོ་	རོ་	NOUN
ཆོ་	ཆོ་	NOUN
ཀྱི་	གི་	PART
དབྱིངས་	དབྱིངས་	NOUN
དང་	དང་	NO_POS
དྲི་	དྲི་	NOUN
། །		PUNCT
རེག་བྱ་	རེག་བྱ་	NOUN
ཁ་དོག་	ཁ་དོག་	NOUN
རྣམས་	རྣམས་	DET
ཀྱི་	གི་	PART
ཡང་	ཀྱང་	PART
། །		PUNCT
ཁྲོ་བོ་	ཁྲོ་བོ་	NOUN
འི་	གི་	PART
རྒྱལ་པོ་	རྒྱལ་པོ་	NOUN
གདོང་	གདོང་	NOUN
དྲུག་	དྲུག་	NUM
འཇིགས་	འཇིགས་	VERB
། །		PUNCT
རིགས་	རིགས་	NOUN
དྲུག་	དྲུག་	NUM
རྣམས་	རྣམས་	DET
ཀྱིས་	གིས་	PART
ཡོངས་	ཡོངས་	DET
དག་པ་	དག་པ་	VERB
། །		PUNCT
ལུས་	ལུས་	NOUN
དང་	དང་	NO_POS
གསང་བ་	གསང་བ་	VERB
དབང་པོ་	དབང་པོ་	NOUN
སེམས་	སེམས་	NOUN
། །		PUNCT
རྟག་	རྟག་	VERB
ཏུ་	ལ་	PART
དཀྱིལ་འཁོར་	དཀྱིལ་འཁོར་	NOUN
རྣམ་པ་	རྣམ་པ་	NOUN
གསུམ་	གསུམ་	NUM
། །		PUNCT
ཤེས་རབ་	ཤེས་རབ་	NOUN
ཐབས་	ཐབས་	NOUN
ཀྱི་	གི་	PART
རྡོ་རྗེ་	རྡོ་རྗེ་	NOUN
གསུམ་	གསུམ་	NUM
། །		PUNCT
རྡོ་རྗེ་	རྡོ་རྗེ་	NOUN
སེམས་དཔའ་	སེམས་དཔའ་	NOUN
ཉིད་	ཉིད་	DET
དུ་	ལ་	PART
འགྱུར་	འགྱུར་	VERB
། །		PUNCT
འདི་	འདི་	DET
ནི་	ནི་	NO_POS
དབང་	དབང་	NOUN
གི་	གི་	PART
སྒྲུབ་ཐབས་	སྒྲུབ་ཐབས་	NOUN
ཏེ་	སྟེ་	PART
། །		PUNCT
མཆོག་	མཆོག་	ADJ
ཏུ་	ལ་	PART
མི་	མི་	PART
འགྱུར་	འགྱུར་	VERB
སྒྲུབ་པ་	སྒྲུབ་པ་	VERB
འི་	གི་	PART
ཐབས་	ཐབས་	NOUN
། །		PUNCT
རྩ་	རྩ་	NUM
དང་	དང་	NO_POS
རིགས་	རིགས་	NOUN
དང་	དང་	NO_POS
ཡང་དག་	ཡང་དག་	ADJ
ལྡན་	ལྡན་	VERB
། །		PUNCT
ཟླ་བ་	ཟླ་བ་	NOUN
མདོ་	མདོ་	NOUN
ར་	ལ་	PART
བསྟན་པ་	བསྟན་པ་	VERB
ཡི་	གིས་	PART
བཤད་	བཤད་	VERB
"།

།"		PUNCT
ཅེས་པ་	ཅེས་པ་	PART
འཇིག་རྟེན་	འཇིག་རྟེན་	NOUN
ཁམས་	ཁམས་	NOUN
ཀྱི་	གི་	PART
ལེའུ་	ལེའུ་	NOUN
ར་	ལ་	PART
ལེའུ་	ལེའུ་	NOUN
ལྔ་པ་	ལྔ་པ་	NUM
འི་	གི་	PART
མཆོག་	མཆོག་	ADJ
ཏུ་	ལ་	PART
མི་འགྱུར་བ་	མི་འགྱུར་བ་	NO_POS
འི་	གི་	PART
དབང་	དབང་	NOUN
གི་	གི་	PART
སྒྲུབ་ཐབས་	སྒྲུབ་ཐབས་	NOUN
མདོ་	མདོ་	NOUN
ར་	ལ་	PART
བསྟན་པ་	བསྟན་པ་	VERB
རྫོགས་	རྫོགས་	VERB
སོ་	གོ་	PART
།། །།		PUNCT
འདི་	འདི་	DET
ནི་	ནི་	NO_POS
ཁ་ཆེ་	ཁ་ཆེ་	PROPN
འི་	གི་	PART
པཎྜི་ཏ་	པཎྜི་ཏ་	NOUN
སོ་མ་	སོ་མ་	ADJ
ནཱ་	ནཱ་	NO_POS
ཐ་	ཐ་	NOUN
དང་	དང་	NO_POS
།		PUNCT
བོད་	བོད་	PROPN
ཀྱི་	གི་	PART
ལོ་ཙཱ་བ་	ལོ་ཙཱ་བ་	NOUN
འབྲོ་	འབྲོ་	VERB
དགེ་སློང་	དགེ་སློང་	NOUN
ཤེས་རབ་	ཤེས་རབ་	NOUN
གྲགས་པ་	གྲགས་པ་	VERB
ས་	གིས་	PART
བསྒྱུར་	བསྒྱུར་	VERB
ཞིང་	ཅིང་	PART
ཞུ་	ཞུ་	VERB
ཏེ་	སྟེ་	PART
གཏན་	གཏན་	NOUN
ལ་	ལ་	PART
ཕབ་པ་	ཕབ་པ་	VERB
ལ་	ལ་	ADP
ས་	གིས་	PART
།		PUNCT
སླར་ཡང་	སླར་ཡང་	OTHER
སྒྲ་ཚད་པ་	སྒྲ་ཚད་པ་	NOUN
རིན་ཆེན་	རིན་ཆེན་	OTHER
རྒྱལ་མཚན་	རྒྱལ་མཚན་	NOUN
གྱིས་	གིས་	PART
དཔལ་	དཔལ་	OTHER
ནཱ་	ནཱ་	NO_POS
རོ་པ་	རོ་པ་	NOUN
འི་	གི་	PART
འགྲེལ་བཤད་	འགྲེལ་བཤད་	NOUN
དང་	དང་	NO_POS
མཐུན་པ་	མཐུན་པ་	VERB
ར་	ལ་	PART
བསྒྱུར་	བསྒྱུར་	VERB
ཞིང་	ཅིང་	PART
ཞུ་	ཞུ་	VERB
ཏེ་	སྟེ་	PART
དག་པ་	དག་པ་	VERB
ར་	ལ་	PART
བྱས་པ་	བྱས་པ་	VERB
འོ་	གོ་	PART
།། །།		PUNCT
		
ཤཱཀྱ་	ཤཱཀྱ་	PROPN
ཐུབ་པ་	ཐུབ་པ་	VERB
།		PUNCT
དབང་	དབང་	NOUN
མདོ་	མདོ་	NOUN
ར་	ལ་	PART
བསྟན་པ་	བསྟན་པ་	VERB
བཞུགས་	བཞུགས་	VERB
སོ་	གོ་	PART
།		PUNCT
		
